$date
	Tue Sep 22 19:28:05 2026
$end

$version
	Synopsys VCS version Q-2020.03-SP2-8_Full64
$end

$timescale
	1s
$end

$comment Csum: 1 5d87ed19e02a2fce $end


$scope module tb_cache_mem $end
$var reg 1 ! clk_cpu $end
$var reg 1 " clk_mem $end
$var reg 1 # rst $end
$var reg 1 $ tag_miss $end
$var reg 1 % cache_valid $end
$var reg 1 & cache_dirty $end
$var reg 1 ' start $end
$var reg 14 ( lookup_addr [13:0] $end
$var reg 14 ) tag_addr [13:0] $end
$var reg 512 * evict_line [511:0] $end
$var wire 512 + updated_cache_line [511:0] $end
$var wire 512 , cache_line [511:0] $end
$var wire 1 - fill_data $end
$var wire 1 . data_request $end
$var wire 1 / rw $end
$var wire 14 0 line_addr [13:0] $end
$var wire 32 1 wdata [31:0] $end
$var wire 1 2 tx_write_done $end
$var wire 1 3 tx_read_done $end
$var wire 1 4 rx_cache_done $end
$var wire 1 5 tx_fifo_empty $end
$var integer 32 6 error_count $end
$var integer 32 7 test_count $end
$var reg 512 8 line_a [511:0] $end
$var reg 512 9 line_b [511:0] $end
$var reg 512 : line_c [511:0] $end
$var reg 512 ; line_d [511:0] $end
$var reg 512 < line_e [511:0] $end
$var reg 512 = poison [511:0] $end
$var reg 512 > sentinel [511:0] $end
$var reg 512 ? filled [511:0] $end
$var reg 512 @ mem_image [511:0] $end
$var integer 32 A timed_out $end
$var integer 32 B k $end

$scope module u_cache $end
$var reg 3 C current_state [2:0] $end
$var reg 1 D isWritten $end
$var wire 1 E clk_cpu $end
$var wire 1 F rst $end
$var wire 1 G tag_miss $end
$var wire 1 5 tx_fifo_empty $end
$var wire 1 H rx_cache_done $end
$var wire 1 I cache_valid $end
$var wire 1 J cache_dirty $end
$var wire 1 K start $end
$var wire 14 L lookup_addr [13:0] $end
$var wire 14 M tag_addr [13:0] $end
$var wire 512 N rx_cache_line [511:0] $end
$var wire 512 O evict_line [511:0] $end
$var wire 512 + updated_cache_line [511:0] $end
$var wire 1 - fill_data $end
$var wire 1 . data_request $end
$var wire 1 / rw $end
$var wire 32 1 wdata [31:0] $end
$var reg 14 P line_addr [13:0] $end
$var reg 3 Q next_state [2:0] $end
$var reg 4 R count_word_sent [3:0] $end
$upscope $end

$upscope $end

$enddefinitions $end

#0
$dumpvars
0&
0%
0!
0"
0#
0'
1$
x3
x2
x4
b00000000000000000000000000000000000000000000000000000000000000000000000000000000000000000000000000000000000000000000000000000000000000000000000000000000000000000000000000000000000000000000000000000000000000000000000000000000000000000000000000000000000000000000000000000000000000000000000000000000000000000000000000000000000000000000000000000000000000000000000000000000000000000000000000000000000000000000000000000000000000000000000000000000000000000000000000000000000000000000000000000000000000000000000000000000 ,
b00000000000000000000000000000000 6
b00000000000000000000000000000000000000000000000000000000000000000000000000000000000000000000000000000000000000000000000000000000000000000000000000000000000000000000000000000000000000000000000000000000000000000000000000000000000000000000000000000000000000000000000000000000000000000000000000000000000000000000000000000000000000000000000000000000000000000000000000000000000000000000000000000000000000000000000000000000000000000000000000000000000000000000000000000000000000000000000000000000000000000000000000000000 *
bxxxxxxxxxxxxxxxxxxxxxxxxxxxxxxxxxxxxxxxxxxxxxxxxxxxxxxxxxxxxxxxxxxxxxxxxxxxxxxxxxxxxxxxxxxxxxxxxxxxxxxxxxxxxxxxxxxxxxxxxxxxxxxxxxxxxxxxxxxxxxxxxxxxxxxxxxxxxxxxxxxxxxxxxxxxxxxxxxxxxxxxxxxxxxxxxxxxxxxxxxxxxxxxxxxxxxxxxxxxxxxxxxxxxxxxxxxxxxxxxxxxxxxxxxxxxxxxxxxxxxxxxxxxxxxxxxxxxxxxxxxxxxxxxxxxxxxxxxxxxxxxxxxxxxxxxxxxxxxxxxxxxxxxxxxxxxxxxxxxxxxxxxxxxxxxxxxxxxxxxxxxxxxxxxxxxxxxxxxxxxxxxxxxxxxxxxxxxxxxxxxxxxxxxxxxxxxxxxxxxxxxxxxxxxxxxxxxxxxxxxxxxxxxxxxxxxxxxxxxxxxxxxxxxxxxxxxxxxxxxxxxxxxxxxxxxxxxxxxxxxxxxxxxxxxxx ?
bxxxxxxxxxxxxxxxxxxxxxxxxxxxxxxxx B
bxxxxxxxxxxxxxxxxxxxxxxxxxxxxxxxxxxxxxxxxxxxxxxxxxxxxxxxxxxxxxxxxxxxxxxxxxxxxxxxxxxxxxxxxxxxxxxxxxxxxxxxxxxxxxxxxxxxxxxxxxxxxxxxxxxxxxxxxxxxxxxxxxxxxxxxxxxxxxxxxxxxxxxxxxxxxxxxxxxxxxxxxxxxxxxxxxxxxxxxxxxxxxxxxxxxxxxxxxxxxxxxxxxxxxxxxxxxxxxxxxxxxxxxxxxxxxxxxxxxxxxxxxxxxxxxxxxxxxxxxxxxxxxxxxxxxxxxxxxxxxxxxxxxxxxxxxxxxxxxxxxxxxxxxxxxxxxxxxxxxxxxxxxxxxxxxxxxxxxxxxxxxxxxxxxxxxxxxxxxxxxxxxxxxxxxxxxxxxxxxxxxxxxxxxxxxxxxxxxxxxxxxxxxxxxxxxxxxxxxxxxxxxxxxxxxxxxxxxxxxxxxxxxxxxxxxxxxxxxxxxxxxxxxxxxxxxxxxxxxxxxxxxxxxxxxx 8
b00000000000000 0
bxxxxxxxxxxxxxxxxxxxxxxxxxxxxxxxxxxxxxxxxxxxxxxxxxxxxxxxxxxxxxxxxxxxxxxxxxxxxxxxxxxxxxxxxxxxxxxxxxxxxxxxxxxxxxxxxxxxxxxxxxxxxxxxxxxxxxxxxxxxxxxxxxxxxxxxxxxxxxxxxxxxxxxxxxxxxxxxxxxxxxxxxxxxxxxxxxxxxxxxxxxxxxxxxxxxxxxxxxxxxxxxxxxxxxxxxxxxxxxxxxxxxxxxxxxxxxxxxxxxxxxxxxxxxxxxxxxxxxxxxxxxxxxxxxxxxxxxxxxxxxxxxxxxxxxxxxxxxxxxxxxxxxxxxxxxxxxxxxxxxxxxxxxxxxxxxxxxxxxxxxxxxxxxxxxxxxxxxxxxxxxxxxxxxxxxxxxxxxxxxxxxxxxxxxxxxxxxxxxxxxxxxxxxxxxxxxxxxxxxxxxxxxxxxxxxxxxxxxxxxxxxxxxxxxxxxxxxxxxxxxxxxxxxxxxxxxxxxxxxxxxxxxxxxxxxx 9
bxxxxxxxxxxxxxxxxxxxxxxxxxxxxxxxxxxxxxxxxxxxxxxxxxxxxxxxxxxxxxxxxxxxxxxxxxxxxxxxxxxxxxxxxxxxxxxxxxxxxxxxxxxxxxxxxxxxxxxxxxxxxxxxxxxxxxxxxxxxxxxxxxxxxxxxxxxxxxxxxxxxxxxxxxxxxxxxxxxxxxxxxxxxxxxxxxxxxxxxxxxxxxxxxxxxxxxxxxxxxxxxxxxxxxxxxxxxxxxxxxxxxxxxxxxxxxxxxxxxxxxxxxxxxxxxxxxxxxxxxxxxxxxxxxxxxxxxxxxxxxxxxxxxxxxxxxxxxxxxxxxxxxxxxxxxxxxxxxxxxxxxxxxxxxxxxxxxxxxxxxxxxxxxxxxxxxxxxxxxxxxxxxxxxxxxxxxxxxxxxxxxxxxxxxxxxxxxxxxxxxxxxxxxxxxxxxxxxxxxxxxxxxxxxxxxxxxxxxxxxxxxxxxxxxxxxxxxxxxxxxxxxxxxxxxxxxxxxxxxxxxxxxxxxxxxx :
bxxxxxxxxxxxxxxxxxxxxxxxxxxxxxxxxxxxxxxxxxxxxxxxxxxxxxxxxxxxxxxxxxxxxxxxxxxxxxxxxxxxxxxxxxxxxxxxxxxxxxxxxxxxxxxxxxxxxxxxxxxxxxxxxxxxxxxxxxxxxxxxxxxxxxxxxxxxxxxxxxxxxxxxxxxxxxxxxxxxxxxxxxxxxxxxxxxxxxxxxxxxxxxxxxxxxxxxxxxxxxxxxxxxxxxxxxxxxxxxxxxxxxxxxxxxxxxxxxxxxxxxxxxxxxxxxxxxxxxxxxxxxxxxxxxxxxxxxxxxxxxxxxxxxxxxxxxxxxxxxxxxxxxxxxxxxxxxxxxxxxxxxxxxxxxxxxxxxxxxxxxxxxxxxxxxxxxxxxxxxxxxxxxxxxxxxxxxxxxxxxxxxxxxxxxxxxxxxxxxxxxxxxxxxxxxxxxxxxxxxxxxxxxxxxxxxxxxxxxxxxxxxxxxxxxxxxxxxxxxxxxxxxxxxxxxxxxxxxxxxxxxxxxxxxxxx ;
bxxxxxxxxxxxxxxxxxxxxxxxxxxxxxxxxxxxxxxxxxxxxxxxxxxxxxxxxxxxxxxxxxxxxxxxxxxxxxxxxxxxxxxxxxxxxxxxxxxxxxxxxxxxxxxxxxxxxxxxxxxxxxxxxxxxxxxxxxxxxxxxxxxxxxxxxxxxxxxxxxxxxxxxxxxxxxxxxxxxxxxxxxxxxxxxxxxxxxxxxxxxxxxxxxxxxxxxxxxxxxxxxxxxxxxxxxxxxxxxxxxxxxxxxxxxxxxxxxxxxxxxxxxxxxxxxxxxxxxxxxxxxxxxxxxxxxxxxxxxxxxxxxxxxxxxxxxxxxxxxxxxxxxxxxxxxxxxxxxxxxxxxxxxxxxxxxxxxxxxxxxxxxxxxxxxxxxxxxxxxxxxxxxxxxxxxxxxxxxxxxxxxxxxxxxxxxxxxxxxxxxxxxxxxxxxxxxxxxxxxxxxxxxxxxxxxxxxxxxxxxxxxxxxxxxxxxxxxxxxxxxxxxxxxxxxxxxxxxxxxxxxxxxxxxxxx <
b00000000000000 (
bxxxxxxxxxxxxxxxxxxxxxxxxxxxxxxxxxxxxxxxxxxxxxxxxxxxxxxxxxxxxxxxxxxxxxxxxxxxxxxxxxxxxxxxxxxxxxxxxxxxxxxxxxxxxxxxxxxxxxxxxxxxxxxxxxxxxxxxxxxxxxxxxxxxxxxxxxxxxxxxxxxxxxxxxxxxxxxxxxxxxxxxxxxxxxxxxxxxxxxxxxxxxxxxxxxxxxxxxxxxxxxxxxxxxxxxxxxxxxxxxxxxxxxxxxxxxxxxxxxxxxxxxxxxxxxxxxxxxxxxxxxxxxxxxxxxxxxxxxxxxxxxxxxxxxxxxxxxxxxxxxxxxxxxxxxxxxxxxxxxxxxxxxxxxxxxxxxxxxxxxxxxxxxxxxxxxxxxxxxxxxxxxxxxxxxxxxxxxxxxxxxxxxxxxxxxxxxxxxxxxxxxxxxxxxxxxxxxxxxxxxxxxxxxxxxxxxxxxxxxxxxxxxxxxxxxxxxxxxxxxxxxxxxxxxxxxxxxxxxxxxxxxxxxxxxxx @
bxxxxxxxxxxxxxxxxxxxxxxxxxxxxxxxxxxxxxxxxxxxxxxxxxxxxxxxxxxxxxxxxxxxxxxxxxxxxxxxxxxxxxxxxxxxxxxxxxxxxxxxxxxxxxxxxxxxxxxxxxxxxxxxxxxxxxxxxxxxxxxxxxxxxxxxxxxxxxxxxxxxxxxxxxxxxxxxxxxxxxxxxxxxxxxxxxxxxxxxxxxxxxxxxxxxxxxxxxxxxxxxxxxxxxxxxxxxxxxxxxxxxxxxxxxxxxxxxxxxxxxxxxxxxxxxxxxxxxxxxxxxxxxxxxxxxxxxxxxxxxxxxxxxxxxxxxxxxxxxxxxxxxxxxxxxxxxxxxxxxxxxxxxxxxxxxxxxxxxxxxxxxxxxxxxxxxxxxxxxxxxxxxxxxxxxxxxxxxxxxxxxxxxxxxxxxxxxxxxxxxxxxxxxxxxxxxxxxxxxxxxxxxxxxxxxxxxxxxxxxxxxxxxxxxxxxxxxxxxxxxxxxxxxxxxxxxxxxxxxxxxxxxxxxxxxx =
bxxxxxxxxxxxxxxxxxxxxxxxxxxxxxxxxxxxxxxxxxxxxxxxxxxxxxxxxxxxxxxxxxxxxxxxxxxxxxxxxxxxxxxxxxxxxxxxxxxxxxxxxxxxxxxxxxxxxxxxxxxxxxxxxxxxxxxxxxxxxxxxxxxxxxxxxxxxxxxxxxxxxxxxxxxxxxxxxxxxxxxxxxxxxxxxxxxxxxxxxxxxxxxxxxxxxxxxxxxxxxxxxxxxxxxxxxxxxxxxxxxxxxxxxxxxxxxxxxxxxxxxxxxxxxxxxxxxxxxxxxxxxxxxxxxxxxxxxxxxxxxxxxxxxxxxxxxxxxxxxxxxxxxxxxxxxxxxxxxxxxxxxxxxxxxxxxxxxxxxxxxxxxxxxxxxxxxxxxxxxxxxxxxxxxxxxxxxxxxxxxxxxxxxxxxxxxxxxxxxxxxxxxxxxxxxxxxxxxxxxxxxxxxxxxxxxxxxxxxxxxxxxxxxxxxxxxxxxxxxxxxxxxxxxxxxxxxxxxxxxxxxxxxxxxxxx >
b00000000000000 )
b00000000000000000000000000000000 7
bxxxxxxxxxxxxxxxxxxxxxxxxxxxxxxxx A
0D
b0000 R
b000 C
b00000000000000 P
b000 Q
15
0E
0F
1G
0H
0I
0J
b00000000000000000000000000000000000000000000000000000000000000000000000000000000000000000000000000000000000000000000000000000000000000000000000000000000000000000000000000000000000000000000000000000000000000000000000000000000000000000000000000000000000000000000000000000000000000000000000000000000000000000000000000000000000000000000000000000000000000000000000000000000000000000000000000000000000000000000000000000000000000000000000000000000000000000000000000000000000000000000000000000000000000000000000000000000 O
0K
b00000000000000 L
b00000000000000 M
b00000000000000000000000000000000000000000000000000000000000000000000000000000000000000000000000000000000000000000000000000000000000000000000000000000000000000000000000000000000000000000000000000000000000000000000000000000000000000000000000000000000000000000000000000000000000000000000000000000000000000000000000000000000000000000000000000000000000000000000000000000000000000000000000000000000000000000000000000000000000000000000000000000000000000000000000000000000000000000000000000000000000000000000000000000000 N
b00000000000000000000000000000000000000000000000000000000000000000000000000000000000000000000000000000000000000000000000000000000000000000000000000000000000000000000000000000000000000000000000000000000000000000000000000000000000000000000000000000000000000000000000000000000000000000000000000000000000000000000000000000000000000000000000000000000000000000000000000000000000000000000000000000000000000000000000000000000000000000000000000000000000000000000000000000000000000000000000000000000000000000000000000000000 +
0-
0.
1/
b00000000000000000000000000000000 1
$end
03
02
04
#5
1!
1E
#8
1"
#10
0!
0E
#15
1!
1E
#16
0"
#20
0!
0E
#24
1"
#25
1!
1E
#30
0!
0E
#32
0"
#35
1!
1E
#40
1"
0!
0E
#45
1!
1E
#48
0"
#50
0!
0E
#55
1!
1E
#56
1"
#60
0!
0E
#64
0"
#65
1!
1E
#70
0!
0E
#72
1"
#75
1!
1E
#80
0"
0!
0E
#85
1!
1E
#88
1"
#90
0!
0E
#95
1!
1E
#96
0"
#100
1#
1F
0!
0E
#104
1"
#105
1!
1E
#110
0!
0E
#112
0"
#115
1!
1E
#120
1"
0!
0E
#125
1!
1E
#128
0"
#130
0!
0E
#135
1!
1E
b10100000000000000000000000000000101000000000000000000000000000011010000000000000000000000000001010100000000000000000000000000011101000000000000000000000000001001010000000000000000000000000010110100000000000000000000000000110101000000000000000000000000001111010000000000000000000000000100010100000000000000000000000001001101000000000000000000000000010101010000000000000000000000000101110100000000000000000000000001100101000000000000000000000000011011010000000000000000000000000111010100000000000000000000000001111 8
b10110000000000000001000000000000101100000000000000010000000000011011000000000000000100000000001010110000000000000001000000000011101100000000000000010000000001001011000000000000000100000000010110110000000000000001000000000110101100000000000000010000000001111011000000000000000100000000100010110000000000000001000000001001101100000000000000010000000010101011000000000000000100000000101110110000000000000001000000001100101100000000000000010000000011011011000000000000000100000000111010110000000000000001000000001111 9
b11000000000000000010000000000000110000000000000000100000000000011100000000000000001000000000001011000000000000000010000000000011110000000000000000100000000001001100000000000000001000000000010111000000000000000010000000000110110000000000000000100000000001111100000000000000001000000000100011000000000000000010000000001001110000000000000000100000000010101100000000000000001000000000101111000000000000000010000000001100110000000000000000100000000011011100000000000000001000000000111011000000000000000010000000001111 :
b11010000000000000011000000000000110100000000000000110000000000011101000000000000001100000000001011010000000000000011000000000011110100000000000000110000000001001101000000000000001100000000010111010000000000000011000000000110110100000000000000110000000001111101000000000000001100000000100011010000000000000011000000001001110100000000000000110000000010101101000000000000001100000000101111010000000000000011000000001100110100000000000000110000000011011101000000000000001100000000111011010000000000000011000000001111 ;
b11100000000000000100000000000000111000000000000001000000000000011110000000000000010000000000001011100000000000000100000000000011111000000000000001000000000001001110000000000000010000000000010111100000000000000100000000000110111000000000000001000000000001111110000000000000010000000000100011100000000000000100000000001001111000000000000001000000000010101110000000000000010000000000101111100000000000000100000000001100111000000000000001000000000011011110000000000000010000000000111011100000000000000100000000001111 <
b11011110101011011011111000000000110111101010110110111110000000011101111010101101101111100000001011011110101011011011111000000011110111101010110110111110000001001101111010101101101111100000010111011110101011011011111000000110110111101010110110111110000001111101111010101101101111100000100011011110101011011011111000001001110111101010110110111110000010101101111010101101101111100000101111011110101011011011111000001100110111101010110110111110000011011101111010101101101111100000111011011110101011011011111000001111 =
b01010001010100010000000000000000010100010101000100000000000000010101000101010001000000000000001001010001010100010000000000000011010100010101000100000000000001000101000101010001000000000000010101010001010100010000000000000110010100010101000100000000000001110101000101010001000000000000100001010001010100010000000000001001010100010101000100000000000010100101000101010001000000000000101101010001010100010000000000001100010100010101000100000000000011010101000101010001000000000000111001010001010100010000000000001111 >
b00000000110000 (
b00000000110000 L
b00000001010000 )
b00000001010000 M
b11011110101011011011111000000000110111101010110110111110000000011101111010101101101111100000001011011110101011011011111000000011110111101010110110111110000001001101111010101101101111100000010111011110101011011011111000000110110111101010110110111110000001111101111010101101101111100000100011011110101011011011111000001001110111101010110110111110000010101101111010101101101111100000101111011110101011011011111000001100110111101010110110111110000011011101111010101101101111100000111011011110101011011011111000001111 *
b11011110101011011011111000000000110111101010110110111110000000011101111010101101101111100000001011011110101011011011111000000011110111101010110110111110000001001101111010101101101111100000010111011110101011011011111000000110110111101010110110111110000001111101111010101101101111100000100011011110101011011011111000001001110111101010110110111110000010101101111010101101101111100000101111011110101011011011111000001100110111101010110110111110000011011101111010101101101111100000111011011110101011011011111000001111 O
#136
1"
#140
0!
0E
#144
0"
#145
1!
1E
1'
1K
b001 Q
1.
#150
0!
0E
#152
1"
#155
1!
1E
0'
0K
b000 Q
0.
b001 C
b010 Q
#160
0"
0!
0E
#165
1!
1E
b010 C
b101 Q
b00000000110000 P
b00000000110000 0
#168
1"
#170
0!
0E
#175
1!
1E
12
b101 C
#176
0"
#180
0!
0E
#184
1"
#185
1!
1E
02
#190
0!
0E
#192
0"
#195
1!
1E
#200
1"
0!
0E
05
#205
1!
1E
#208
0"
#210
0!
0E
#215
1!
1E
#216
1"
#220
0!
0E
#224
0"
#225
1!
1E
#230
0!
0E
#232
1"
#235
1!
1E
#240
0"
0!
0E
#245
1!
1E
#248
1"
15
#250
0!
0E
#255
1!
1E
#256
0"
#260
0!
0E
#264
1"
#265
1!
1E
#270
0!
0E
#272
0"
#275
1!
1E
#280
1"
0!
0E
#285
1!
1E
#288
0"
#290
0!
0E
#295
1!
1E
#296
1"
#300
0!
0E
#304
0"
#305
1!
1E
#310
0!
0E
#312
1"
#315
1!
1E
#320
0"
0!
0E
#325
1!
1E
#328
1"
#330
0!
0E
#335
1!
1E
#336
0"
#340
0!
0E
#344
1"
#345
1!
1E
#350
0!
0E
#352
0"
#355
1!
1E
#360
1"
0!
0E
#365
1!
1E
#368
0"
#370
0!
0E
#375
1!
1E
#376
1"
#380
0!
0E
#384
0"
#385
1!
1E
#390
0!
0E
#392
1"
#395
1!
1E
#400
0"
0!
0E
#405
1!
1E
#408
1"
#410
0!
0E
#415
1!
1E
#416
0"
#420
0!
0E
#424
1"
#425
1!
1E
#430
0!
0E
#432
0"
#435
1!
1E
#440
1"
0!
0E
#445
1!
1E
#448
0"
#450
0!
0E
#455
1!
1E
#456
1"
#460
0!
0E
#464
0"
#465
1!
1E
#470
0!
0E
#472
1"
#475
1!
1E
#480
0"
0!
0E
#485
1!
1E
#488
1"
#490
0!
0E
#495
1!
1E
#496
0"
#500
0!
0E
#504
1"
#505
1!
1E
#510
0!
0E
#512
0"
#515
1!
1E
#520
1"
0!
0E
13
#525
1!
1E
#528
0"
#530
0!
0E
#535
1!
1E
#536
1"
03
#540
0!
0E
#544
0"
#545
1!
1E
#550
0!
0E
#552
1"
#555
1!
1E
#560
0"
0!
0E
#565
1!
1E
#568
1"
#570
0!
0E
#575
1!
1E
14
1H
b110 Q
#576
0"
#580
0!
0E
#584
1"
#585
1!
1E
04
0H
b110 C
1-
b000 Q
b00000000000000 P
b00000000000000 0
#590
0!
0E
#592
0"
#595
1!
1E
b000 C
0-
#600
1"
0!
0E
#605
1!
1E
#608
0"
#610
0!
0E
#615
1!
1E
#616
1"
#620
0!
0E
#624
0"
#625
1!
1E
#630
0!
0E
#632
1"
#635
1!
1E
#640
0"
0!
0E
#645
1!
1E
#648
1"
#650
0!
0E
#655
1!
1E
#656
0"
#660
0!
0E
#664
1"
#665
1!
1E
b00000000000000000000000000000000000000000000000000000000000000000000000000000000000000000000000000000000000000000000000000000000000000000000000000000000000000000000000000000000000000000000000000000000000000000000000000000000000000000000000000000000000000000000000000000000000000000000000000000000000000000000000000000000000000000000000000000000000000000000000000000000000000000000000000000000000000000000000000000000000000000000000000000000000000000000000000000000000000000000000000000000000000000000000000000000 ?
b00000000000000000000000000000000 A
b00000000000000000000000000000001 7
b01010001010100010000000000000000010100010101000100000000000000010101000101010001000000000000001001010001010100010000000000000011010100010101000100000000000001000101000101010001000000000000010101010001010100010000000000000110010100010101000100000000000001110101000101010001000000000000100001010001010100010000000000001001010100010101000100000000000010100101000101010001000000000000101101010001010100010000000000001100010100010101000100000000000011010101000101010001000000000000111001010001010100010000000000001111 @
b00000000000000000000000000000010 7
b00000000010000 (
b00000000010000 L
b00000001100000 )
b00000001100000 M
1%
1I
#670
0!
0E
#672
0"
#675
1!
1E
1'
1K
b001 Q
1.
#680
1"
0!
0E
#685
1!
1E
0'
0K
b000 Q
0.
b001 C
b010 Q
#688
0"
#690
0!
0E
#695
1!
1E
b010 C
b101 Q
b00000000010000 P
b00000000010000 0
#696
1"
#700
0!
0E
#704
0"
#705
1!
1E
12
b101 C
#710
0!
0E
#712
1"
#715
1!
1E
02
#720
0"
0!
0E
#725
1!
1E
#728
1"
05
#730
0!
0E
#735
1!
1E
#736
0"
#740
0!
0E
#744
1"
#745
1!
1E
#750
0!
0E
#752
0"
#755
1!
1E
#760
1"
0!
0E
#765
1!
1E
#768
0"
#770
0!
0E
#775
1!
1E
#776
1"
15
#780
0!
0E
#784
0"
#785
1!
1E
#790
0!
0E
#792
1"
#795
1!
1E
#800
0"
0!
0E
#805
1!
1E
#808
1"
#810
0!
0E
#815
1!
1E
#816
0"
#820
0!
0E
#824
1"
#825
1!
1E
#830
0!
0E
#832
0"
#835
1!
1E
#840
1"
0!
0E
#845
1!
1E
#848
0"
#850
0!
0E
#855
1!
1E
b00000000000000000000000000000000000000000000000000000000000000000000000000000000000000000000000000000000000000000000000000000000000000000000000000000000000000000000000000000000000000000000000000000000000000000000000000000000000000000000000000000000000000000000000000000000000000000000000000000000000000000000000000000000000000000000000000000000000000000000000000000000000000000000000000000000000000000000000000000000000000000000000000000000000000000000000000000000000000000000000010100000000000000000000000000000 ,
b00000000000000000000000000000000000000000000000000000000000000000000000000000000000000000000000000000000000000000000000000000000000000000000000000000000000000000000000000000000000000000000000000000000000000000000000000000000000000000000000000000000000000000000000000000000000000000000000000000000000000000000000000000000000000000000000000000000000000000000000000000000000000000000000000000000000000000000000000000000000000000000000000000000000000000000000000000000000000000000000010100000000000000000000000000000 N
#856
1"
#860
0!
0E
#864
0"
#865
1!
1E
b00000000000000000000000000000000000000000000000000000000000000000000000000000000000000000000000000000000000000000000000000000000000000000000000000000000000000000000000000000000000000000000000000000000000000000000000000000000000000000000000000000000000000000000000000000000000000000000000000000000000000000000000000000000000000000000000000000000000000000000000000000000000000000000000000000000000000000000000000000000000000000000000000000000000000001010000000000000000000000000000010100000000000000000000000000001 ,
b00000000000000000000000000000000000000000000000000000000000000000000000000000000000000000000000000000000000000000000000000000000000000000000000000000000000000000000000000000000000000000000000000000000000000000000000000000000000000000000000000000000000000000000000000000000000000000000000000000000000000000000000000000000000000000000000000000000000000000000000000000000000000000000000000000000000000000000000000000000000000000000000000000000000000001010000000000000000000000000000010100000000000000000000000000001 N
#870
0!
0E
#872
1"
#875
1!
1E
#880
0"
0!
0E
#885
1!
1E
b00000000000000000000000000000000000000000000000000000000000000000000000000000000000000000000000000000000000000000000000000000000000000000000000000000000000000000000000000000000000000000000000000000000000000000000000000000000000000000000000000000000000000000000000000000000000000000000000000000000000000000000000000000000000000000000000000000000000000000000000000000000000000000000000000000000000000000000000000000000101000000000000000000000000000001010000000000000000000000000000110100000000000000000000000000010 ,
b00000000000000000000000000000000000000000000000000000000000000000000000000000000000000000000000000000000000000000000000000000000000000000000000000000000000000000000000000000000000000000000000000000000000000000000000000000000000000000000000000000000000000000000000000000000000000000000000000000000000000000000000000000000000000000000000000000000000000000000000000000000000000000000000000000000000000000000000000000000101000000000000000000000000000001010000000000000000000000000000110100000000000000000000000000010 N
#888
1"
#890
0!
0E
#895
1!
1E
b00000000000000000000000000000000000000000000000000000000000000000000000000000000000000000000000000000000000000000000000000000000000000000000000000000000000000000000000000000000000000000000000000000000000000000000000000000000000000000000000000000000000000000000000000000000000000000000000000000000000000000000000000000000000000000000000000000000000000000000000000000000000000000000000010100000000000000000000000000000101000000000000000000000000000011010000000000000000000000000001010100000000000000000000000000011 ,
b00000000000000000000000000000000000000000000000000000000000000000000000000000000000000000000000000000000000000000000000000000000000000000000000000000000000000000000000000000000000000000000000000000000000000000000000000000000000000000000000000000000000000000000000000000000000000000000000000000000000000000000000000000000000000000000000000000000000000000000000000000000000000000000000010100000000000000000000000000000101000000000000000000000000000011010000000000000000000000000001010100000000000000000000000000011 N
#896
0"
#900
0!
0E
#904
1"
#905
1!
1E
#910
0!
0E
#912
0"
#915
1!
1E
b00000000000000000000000000000000000000000000000000000000000000000000000000000000000000000000000000000000000000000000000000000000000000000000000000000000000000000000000000000000000000000000000000000000000000000000000000000000000000000000000000000000000000000000000000000000000000000000000000000000000000000000000000000000000000000000000000000000000000001010000000000000000000000000000010100000000000000000000000000001101000000000000000000000000000101010000000000000000000000000001110100000000000000000000000000100 ,
b00000000000000000000000000000000000000000000000000000000000000000000000000000000000000000000000000000000000000000000000000000000000000000000000000000000000000000000000000000000000000000000000000000000000000000000000000000000000000000000000000000000000000000000000000000000000000000000000000000000000000000000000000000000000000000000000000000000000000001010000000000000000000000000000010100000000000000000000000000001101000000000000000000000000000101010000000000000000000000000001110100000000000000000000000000100 N
#920
1"
0!
0E
#925
1!
1E
b00000000000000000000000000000000000000000000000000000000000000000000000000000000000000000000000000000000000000000000000000000000000000000000000000000000000000000000000000000000000000000000000000000000000000000000000000000000000000000000000000000000000000000000000000000000000000000000000000000000000000000000000000000000101000000000000000000000000000001010000000000000000000000000000110100000000000000000000000000010101000000000000000000000000000111010000000000000000000000000010010100000000000000000000000000101 ,
b00000000000000000000000000000000000000000000000000000000000000000000000000000000000000000000000000000000000000000000000000000000000000000000000000000000000000000000000000000000000000000000000000000000000000000000000000000000000000000000000000000000000000000000000000000000000000000000000000000000000000000000000000000000101000000000000000000000000000001010000000000000000000000000000110100000000000000000000000000010101000000000000000000000000000111010000000000000000000000000010010100000000000000000000000000101 N
#928
0"
#930
0!
0E
#935
1!
1E
#936
1"
#940
0!
0E
#944
0"
#945
1!
1E
b00000000000000000000000000000000000000000000000000000000000000000000000000000000000000000000000000000000000000000000000000000000000000000000000000000000000000000000000000000000000000000000000000000000000000000000000000000000000000000000000000000000000000000000000000000000000000000000000010100000000000000000000000000000101000000000000000000000000000011010000000000000000000000000001010100000000000000000000000000011101000000000000000000000000001001010000000000000000000000000010110100000000000000000000000000110 ,
b00000000000000000000000000000000000000000000000000000000000000000000000000000000000000000000000000000000000000000000000000000000000000000000000000000000000000000000000000000000000000000000000000000000000000000000000000000000000000000000000000000000000000000000000000000000000000000000000010100000000000000000000000000000101000000000000000000000000000011010000000000000000000000000001010100000000000000000000000000011101000000000000000000000000001001010000000000000000000000000010110100000000000000000000000000110 N
#950
0!
0E
#952
1"
#955
1!
1E
#960
0"
0!
0E
#965
1!
1E
b00000000000000000000000000000000000000000000000000000000000000000000000000000000000000000000000000000000000000000000000000000000000000000000000000000000000000000000000000000000000000000000000000000000000000000000000000000000000000000000000000000000000000001010000000000000000000000000000010100000000000000000000000000001101000000000000000000000000000101010000000000000000000000000001110100000000000000000000000000100101000000000000000000000000001011010000000000000000000000000011010100000000000000000000000000111 ,
b00000000000000000000000000000000000000000000000000000000000000000000000000000000000000000000000000000000000000000000000000000000000000000000000000000000000000000000000000000000000000000000000000000000000000000000000000000000000000000000000000000000000000001010000000000000000000000000000010100000000000000000000000000001101000000000000000000000000000101010000000000000000000000000001110100000000000000000000000000100101000000000000000000000000001011010000000000000000000000000011010100000000000000000000000000111 N
#968
1"
#970
0!
0E
#975
1!
1E
b00000000000000000000000000000000000000000000000000000000000000000000000000000000000000000000000000000000000000000000000000000000000000000000000000000000000000000000000000000000000000000000000000000000000000000000000000000000101000000000000000000000000000001010000000000000000000000000000110100000000000000000000000000010101000000000000000000000000000111010000000000000000000000000010010100000000000000000000000000101101000000000000000000000000001101010000000000000000000000000011110100000000000000000000000001000 ,
b00000000000000000000000000000000000000000000000000000000000000000000000000000000000000000000000000000000000000000000000000000000000000000000000000000000000000000000000000000000000000000000000000000000000000000000000000000000101000000000000000000000000000001010000000000000000000000000000110100000000000000000000000000010101000000000000000000000000000111010000000000000000000000000010010100000000000000000000000000101101000000000000000000000000001101010000000000000000000000000011110100000000000000000000000001000 N
#976
0"
#980
0!
0E
#984
1"
#985
1!
1E
#990
0!
0E
#992
0"
#995
1!
1E
b00000000000000000000000000000000000000000000000000000000000000000000000000000000000000000000000000000000000000000000000000000000000000000000000000000000000000000000000000000000000000000000000010100000000000000000000000000000101000000000000000000000000000011010000000000000000000000000001010100000000000000000000000000011101000000000000000000000000001001010000000000000000000000000010110100000000000000000000000000110101000000000000000000000000001111010000000000000000000000000100010100000000000000000000000001001 ,
b00000000000000000000000000000000000000000000000000000000000000000000000000000000000000000000000000000000000000000000000000000000000000000000000000000000000000000000000000000000000000000000000010100000000000000000000000000000101000000000000000000000000000011010000000000000000000000000001010100000000000000000000000000011101000000000000000000000000001001010000000000000000000000000010110100000000000000000000000000110101000000000000000000000000001111010000000000000000000000000100010100000000000000000000000001001 N
#1000
1"
0!
0E
#1005
1!
1E
b00000000000000000000000000000000000000000000000000000000000000000000000000000000000000000000000000000000000000000000000000000000000000000000000000000000000000001010000000000000000000000000000010100000000000000000000000000001101000000000000000000000000000101010000000000000000000000000001110100000000000000000000000000100101000000000000000000000000001011010000000000000000000000000011010100000000000000000000000000111101000000000000000000000000010001010000000000000000000000000100110100000000000000000000000001010 ,
b00000000000000000000000000000000000000000000000000000000000000000000000000000000000000000000000000000000000000000000000000000000000000000000000000000000000000001010000000000000000000000000000010100000000000000000000000000001101000000000000000000000000000101010000000000000000000000000001110100000000000000000000000000100101000000000000000000000000001011010000000000000000000000000011010100000000000000000000000000111101000000000000000000000000010001010000000000000000000000000100110100000000000000000000000001010 N
#1008
0"
#1010
0!
0E
#1015
1!
1E
#1016
1"
#1020
0!
0E
#1024
0"
#1025
1!
1E
b00000000000000000000000000000000000000000000000000000000000000000000000000000000000000000000000000000000000000000000000000000000101000000000000000000000000000001010000000000000000000000000000110100000000000000000000000000010101000000000000000000000000000111010000000000000000000000000010010100000000000000000000000000101101000000000000000000000000001101010000000000000000000000000011110100000000000000000000000001000101000000000000000000000000010011010000000000000000000000000101010100000000000000000000000001011 ,
b00000000000000000000000000000000000000000000000000000000000000000000000000000000000000000000000000000000000000000000000000000000101000000000000000000000000000001010000000000000000000000000000110100000000000000000000000000010101000000000000000000000000000111010000000000000000000000000010010100000000000000000000000000101101000000000000000000000000001101010000000000000000000000000011110100000000000000000000000001000101000000000000000000000000010011010000000000000000000000000101010100000000000000000000000001011 N
#1030
0!
0E
#1032
1"
#1035
1!
1E
#1040
0"
0!
0E
#1045
1!
1E
b00000000000000000000000000000000000000000000000000000000000000000000000000000000000000000000000010100000000000000000000000000000101000000000000000000000000000011010000000000000000000000000001010100000000000000000000000000011101000000000000000000000000001001010000000000000000000000000010110100000000000000000000000000110101000000000000000000000000001111010000000000000000000000000100010100000000000000000000000001001101000000000000000000000000010101010000000000000000000000000101110100000000000000000000000001100 ,
b00000000000000000000000000000000000000000000000000000000000000000000000000000000000000000000000010100000000000000000000000000000101000000000000000000000000000011010000000000000000000000000001010100000000000000000000000000011101000000000000000000000000001001010000000000000000000000000010110100000000000000000000000000110101000000000000000000000000001111010000000000000000000000000100010100000000000000000000000001001101000000000000000000000000010101010000000000000000000000000101110100000000000000000000000001100 N
#1048
1"
13
#1050
0!
0E
#1055
1!
1E
b00000000000000000000000000000000000000000000000000000000000000001010000000000000000000000000000010100000000000000000000000000001101000000000000000000000000000101010000000000000000000000000001110100000000000000000000000000100101000000000000000000000000001011010000000000000000000000000011010100000000000000000000000000111101000000000000000000000000010001010000000000000000000000000100110100000000000000000000000001010101000000000000000000000000010111010000000000000000000000000110010100000000000000000000000001101 ,
b00000000000000000000000000000000000000000000000000000000000000001010000000000000000000000000000010100000000000000000000000000001101000000000000000000000000000101010000000000000000000000000001110100000000000000000000000000100101000000000000000000000000001011010000000000000000000000000011010100000000000000000000000000111101000000000000000000000000010001010000000000000000000000000100110100000000000000000000000001010101000000000000000000000000010111010000000000000000000000000110010100000000000000000000000001101 N
#1056
0"
#1060
0!
0E
#1064
1"
03
#1065
1!
1E
#1070
0!
0E
#1072
0"
#1075
1!
1E
b00000000000000000000000000000000101000000000000000000000000000001010000000000000000000000000000110100000000000000000000000000010101000000000000000000000000000111010000000000000000000000000010010100000000000000000000000000101101000000000000000000000000001101010000000000000000000000000011110100000000000000000000000001000101000000000000000000000000010011010000000000000000000000000101010100000000000000000000000001011101000000000000000000000000011001010000000000000000000000000110110100000000000000000000000001110 ,
b00000000000000000000000000000000101000000000000000000000000000001010000000000000000000000000000110100000000000000000000000000010101000000000000000000000000000111010000000000000000000000000010010100000000000000000000000000101101000000000000000000000000001101010000000000000000000000000011110100000000000000000000000001000101000000000000000000000000010011010000000000000000000000000101010100000000000000000000000001011101000000000000000000000000011001010000000000000000000000000110110100000000000000000000000001110 N
#1080
1"
0!
0E
#1085
1!
1E
b10100000000000000000000000000000101000000000000000000000000000011010000000000000000000000000001010100000000000000000000000000011101000000000000000000000000001001010000000000000000000000000010110100000000000000000000000000110101000000000000000000000000001111010000000000000000000000000100010100000000000000000000000001001101000000000000000000000000010101010000000000000000000000000101110100000000000000000000000001100101000000000000000000000000011011010000000000000000000000000111010100000000000000000000000001111 ,
b10100000000000000000000000000000101000000000000000000000000000011010000000000000000000000000001010100000000000000000000000000011101000000000000000000000000001001010000000000000000000000000010110100000000000000000000000000110101000000000000000000000000001111010000000000000000000000000100010100000000000000000000000001001101000000000000000000000000010101010000000000000000000000000101110100000000000000000000000001100101000000000000000000000000011011010000000000000000000000000111010100000000000000000000000001111 N
#1088
0"
#1090
0!
0E
#1095
1!
1E
14
1H
b110 Q
#1096
1"
#1100
0!
0E
#1104
0"
#1105
1!
1E
04
0H
b110 C
1-
b000 Q
b00000000000000 P
b00000000000000 0
b10100000000000000000000000000000101000000000000000000000000000011010000000000000000000000000001010100000000000000000000000000011101000000000000000000000000001001010000000000000000000000000010110100000000000000000000000000110101000000000000000000000000001111010000000000000000000000000100010100000000000000000000000001001101000000000000000000000000010101010000000000000000000000000101110100000000000000000000000001100101000000000000000000000000011011010000000000000000000000000111010100000000000000000000000001111 +
#1110
0!
0E
#1112
1"
#1115
1!
1E
b000 C
0-
b00000000000000000000000000000000000000000000000000000000000000000000000000000000000000000000000000000000000000000000000000000000000000000000000000000000000000000000000000000000000000000000000000000000000000000000000000000000000000000000000000000000000000000000000000000000000000000000000000000000000000000000000000000000000000000000000000000000000000000000000000000000000000000000000000000000000000000000000000000000000000000000000000000000000000000000000000000000000000000000000000000000000000000000000000000000 +
#1120
0"
0!
0E
#1125
1!
1E
#1128
1"
#1130
0!
0E
#1135
1!
1E
#1136
0"
#1140
0!
0E
#1144
1"
#1145
1!
1E
#1150
0!
0E
#1152
0"
#1155
1!
1E
#1160
1"
0!
0E
#1165
1!
1E
#1168
0"
#1170
0!
0E
#1175
1!
1E
#1176
1"
#1180
0!
0E
#1184
0"
#1185
1!
1E
b10100000000000000000000000000000101000000000000000000000000000011010000000000000000000000000001010100000000000000000000000000011101000000000000000000000000001001010000000000000000000000000010110100000000000000000000000000110101000000000000000000000000001111010000000000000000000000000100010100000000000000000000000001001101000000000000000000000000010101010000000000000000000000000101110100000000000000000000000001100101000000000000000000000000011011010000000000000000000000000111010100000000000000000000000001111 ?
b00000000000000000000000000000011 7
b00000000000000000000000000000100 7
b00000001000000 (
b00000001000000 L
b00000010100000 )
b00000010100000 M
0%
0I
1&
1J
#1190
0!
0E
#1192
1"
#1195
1!
1E
1'
1K
b001 Q
1.
#1200
0"
0!
0E
#1205
1!
1E
0'
0K
b000 Q
0.
b001 C
b010 Q
#1208
1"
#1210
0!
0E
#1215
1!
1E
b010 C
b101 Q
b00000001000000 P
b00000001000000 0
#1216
0"
#1220
0!
0E
#1224
1"
#1225
1!
1E
12
b101 C
#1230
0!
0E
#1232
0"
#1235
1!
1E
02
#1240
1"
0!
0E
#1245
1!
1E
#1248
0"
#1250
0!
0E
#1255
1!
1E
#1256
1"
05
#1260
0!
0E
#1264
0"
#1265
1!
1E
#1270
0!
0E
#1272
1"
#1275
1!
1E
#1280
0"
0!
0E
#1285
1!
1E
#1288
1"
#1290
0!
0E
#1295
1!
1E
#1296
0"
#1300
0!
0E
#1304
1"
15
#1305
1!
1E
#1310
0!
0E
#1312
0"
#1315
1!
1E
#1320
1"
0!
0E
#1325
1!
1E
#1328
0"
#1330
0!
0E
#1335
1!
1E
#1336
1"
#1340
0!
0E
#1344
0"
#1345
1!
1E
#1350
0!
0E
#1352
1"
#1355
1!
1E
#1360
0"
0!
0E
#1365
1!
1E
#1368
1"
#1370
0!
0E
#1375
1!
1E
#1376
0"
#1380
0!
0E
#1384
1"
#1385
1!
1E
b10100000000000000000000000000001101000000000000000000000000000101010000000000000000000000000001110100000000000000000000000000100101000000000000000000000000001011010000000000000000000000000011010100000000000000000000000000111101000000000000000000000000010001010000000000000000000000000100110100000000000000000000000001010101000000000000000000000000010111010000000000000000000000000110010100000000000000000000000001101101000000000000000000000000011101010000000000000000000000000111110110000000000000001000000000000 ,
b10100000000000000000000000000001101000000000000000000000000000101010000000000000000000000000001110100000000000000000000000000100101000000000000000000000000001011010000000000000000000000000011010100000000000000000000000000111101000000000000000000000000010001010000000000000000000000000100110100000000000000000000000001010101000000000000000000000000010111010000000000000000000000000110010100000000000000000000000001101101000000000000000000000000011101010000000000000000000000000111110110000000000000001000000000000 N
#1390
0!
0E
#1392
0"
#1395
1!
1E
b10100000000000000000000000000010101000000000000000000000000000111010000000000000000000000000010010100000000000000000000000000101101000000000000000000000000001101010000000000000000000000000011110100000000000000000000000001000101000000000000000000000000010011010000000000000000000000000101010100000000000000000000000001011101000000000000000000000000011001010000000000000000000000000110110100000000000000000000000001110101000000000000000000000000011111011000000000000000100000000000010110000000000000001000000000001 ,
b10100000000000000000000000000010101000000000000000000000000000111010000000000000000000000000010010100000000000000000000000000101101000000000000000000000000001101010000000000000000000000000011110100000000000000000000000001000101000000000000000000000000010011010000000000000000000000000101010100000000000000000000000001011101000000000000000000000000011001010000000000000000000000000110110100000000000000000000000001110101000000000000000000000000011111011000000000000000100000000000010110000000000000001000000000001 N
#1400
1"
0!
0E
#1405
1!
1E
b10100000000000000000000000000011101000000000000000000000000001001010000000000000000000000000010110100000000000000000000000000110101000000000000000000000000001111010000000000000000000000000100010100000000000000000000000001001101000000000000000000000000010101010000000000000000000000000101110100000000000000000000000001100101000000000000000000000000011011010000000000000000000000000111010100000000000000000000000001111101100000000000000010000000000001011000000000000000100000000000110110000000000000001000000000010 ,
b10100000000000000000000000000011101000000000000000000000000001001010000000000000000000000000010110100000000000000000000000000110101000000000000000000000000001111010000000000000000000000000100010100000000000000000000000001001101000000000000000000000000010101010000000000000000000000000101110100000000000000000000000001100101000000000000000000000000011011010000000000000000000000000111010100000000000000000000000001111101100000000000000010000000000001011000000000000000100000000000110110000000000000001000000000010 N
#1408
0"
#1410
0!
0E
#1415
1!
1E
#1416
1"
#1420
0!
0E
#1424
0"
#1425
1!
1E
b10100000000000000000000000000100101000000000000000000000000001011010000000000000000000000000011010100000000000000000000000000111101000000000000000000000000010001010000000000000000000000000100110100000000000000000000000001010101000000000000000000000000010111010000000000000000000000000110010100000000000000000000000001101101000000000000000000000000011101010000000000000000000000000111110110000000000000001000000000000101100000000000000010000000000011011000000000000000100000000001010110000000000000001000000000011 ,
b10100000000000000000000000000100101000000000000000000000000001011010000000000000000000000000011010100000000000000000000000000111101000000000000000000000000010001010000000000000000000000000100110100000000000000000000000001010101000000000000000000000000010111010000000000000000000000000110010100000000000000000000000001101101000000000000000000000000011101010000000000000000000000000111110110000000000000001000000000000101100000000000000010000000000011011000000000000000100000000001010110000000000000001000000000011 N
#1430
0!
0E
#1432
1"
#1435
1!
1E
#1440
0"
0!
0E
#1445
1!
1E
b10100000000000000000000000000101101000000000000000000000000001101010000000000000000000000000011110100000000000000000000000001000101000000000000000000000000010011010000000000000000000000000101010100000000000000000000000001011101000000000000000000000000011001010000000000000000000000000110110100000000000000000000000001110101000000000000000000000000011111011000000000000000100000000000010110000000000000001000000000001101100000000000000010000000000101011000000000000000100000000001110110000000000000001000000000100 ,
b10100000000000000000000000000101101000000000000000000000000001101010000000000000000000000000011110100000000000000000000000001000101000000000000000000000000010011010000000000000000000000000101010100000000000000000000000001011101000000000000000000000000011001010000000000000000000000000110110100000000000000000000000001110101000000000000000000000000011111011000000000000000100000000000010110000000000000001000000000001101100000000000000010000000000101011000000000000000100000000001110110000000000000001000000000100 N
#1448
1"
#1450
0!
0E
#1455
1!
1E
b10100000000000000000000000000110101000000000000000000000000001111010000000000000000000000000100010100000000000000000000000001001101000000000000000000000000010101010000000000000000000000000101110100000000000000000000000001100101000000000000000000000000011011010000000000000000000000000111010100000000000000000000000001111101100000000000000010000000000001011000000000000000100000000000110110000000000000001000000000010101100000000000000010000000000111011000000000000000100000000010010110000000000000001000000000101 ,
b10100000000000000000000000000110101000000000000000000000000001111010000000000000000000000000100010100000000000000000000000001001101000000000000000000000000010101010000000000000000000000000101110100000000000000000000000001100101000000000000000000000000011011010000000000000000000000000111010100000000000000000000000001111101100000000000000010000000000001011000000000000000100000000000110110000000000000001000000000010101100000000000000010000000000111011000000000000000100000000010010110000000000000001000000000101 N
#1456
0"
#1460
0!
0E
#1464
1"
#1465
1!
1E
#1470
0!
0E
#1472
0"
#1475
1!
1E
b10100000000000000000000000000111101000000000000000000000000010001010000000000000000000000000100110100000000000000000000000001010101000000000000000000000000010111010000000000000000000000000110010100000000000000000000000001101101000000000000000000000000011101010000000000000000000000000111110110000000000000001000000000000101100000000000000010000000000011011000000000000000100000000001010110000000000000001000000000011101100000000000000010000000001001011000000000000000100000000010110110000000000000001000000000110 ,
b10100000000000000000000000000111101000000000000000000000000010001010000000000000000000000000100110100000000000000000000000001010101000000000000000000000000010111010000000000000000000000000110010100000000000000000000000001101101000000000000000000000000011101010000000000000000000000000111110110000000000000001000000000000101100000000000000010000000000011011000000000000000100000000001010110000000000000001000000000011101100000000000000010000000001001011000000000000000100000000010110110000000000000001000000000110 N
#1480
1"
0!
0E
#1485
1!
1E
b10100000000000000000000000001000101000000000000000000000000010011010000000000000000000000000101010100000000000000000000000001011101000000000000000000000000011001010000000000000000000000000110110100000000000000000000000001110101000000000000000000000000011111011000000000000000100000000000010110000000000000001000000000001101100000000000000010000000000101011000000000000000100000000001110110000000000000001000000000100101100000000000000010000000001011011000000000000000100000000011010110000000000000001000000000111 ,
b10100000000000000000000000001000101000000000000000000000000010011010000000000000000000000000101010100000000000000000000000001011101000000000000000000000000011001010000000000000000000000000110110100000000000000000000000001110101000000000000000000000000011111011000000000000000100000000000010110000000000000001000000000001101100000000000000010000000000101011000000000000000100000000001110110000000000000001000000000100101100000000000000010000000001011011000000000000000100000000011010110000000000000001000000000111 N
#1488
0"
#1490
0!
0E
#1495
1!
1E
#1496
1"
#1500
0!
0E
#1504
0"
#1505
1!
1E
b10100000000000000000000000001001101000000000000000000000000010101010000000000000000000000000101110100000000000000000000000001100101000000000000000000000000011011010000000000000000000000000111010100000000000000000000000001111101100000000000000010000000000001011000000000000000100000000000110110000000000000001000000000010101100000000000000010000000000111011000000000000000100000000010010110000000000000001000000000101101100000000000000010000000001101011000000000000000100000000011110110000000000000001000000001000 ,
b10100000000000000000000000001001101000000000000000000000000010101010000000000000000000000000101110100000000000000000000000001100101000000000000000000000000011011010000000000000000000000000111010100000000000000000000000001111101100000000000000010000000000001011000000000000000100000000000110110000000000000001000000000010101100000000000000010000000000111011000000000000000100000000010010110000000000000001000000000101101100000000000000010000000001101011000000000000000100000000011110110000000000000001000000001000 N
#1510
0!
0E
#1512
1"
#1515
1!
1E
#1520
0"
0!
0E
#1525
1!
1E
b10100000000000000000000000001010101000000000000000000000000010111010000000000000000000000000110010100000000000000000000000001101101000000000000000000000000011101010000000000000000000000000111110110000000000000001000000000000101100000000000000010000000000011011000000000000000100000000001010110000000000000001000000000011101100000000000000010000000001001011000000000000000100000000010110110000000000000001000000000110101100000000000000010000000001111011000000000000000100000000100010110000000000000001000000001001 ,
b10100000000000000000000000001010101000000000000000000000000010111010000000000000000000000000110010100000000000000000000000001101101000000000000000000000000011101010000000000000000000000000111110110000000000000001000000000000101100000000000000010000000000011011000000000000000100000000001010110000000000000001000000000011101100000000000000010000000001001011000000000000000100000000010110110000000000000001000000000110101100000000000000010000000001111011000000000000000100000000100010110000000000000001000000001001 N
#1528
1"
#1530
0!
0E
#1535
1!
1E
b10100000000000000000000000001011101000000000000000000000000011001010000000000000000000000000110110100000000000000000000000001110101000000000000000000000000011111011000000000000000100000000000010110000000000000001000000000001101100000000000000010000000000101011000000000000000100000000001110110000000000000001000000000100101100000000000000010000000001011011000000000000000100000000011010110000000000000001000000000111101100000000000000010000000010001011000000000000000100000000100110110000000000000001000000001010 ,
b10100000000000000000000000001011101000000000000000000000000011001010000000000000000000000000110110100000000000000000000000001110101000000000000000000000000011111011000000000000000100000000000010110000000000000001000000000001101100000000000000010000000000101011000000000000000100000000001110110000000000000001000000000100101100000000000000010000000001011011000000000000000100000000011010110000000000000001000000000111101100000000000000010000000010001011000000000000000100000000100110110000000000000001000000001010 N
#1536
0"
#1540
0!
0E
#1544
1"
#1545
1!
1E
#1550
0!
0E
#1552
0"
#1555
1!
1E
b10100000000000000000000000001100101000000000000000000000000011011010000000000000000000000000111010100000000000000000000000001111101100000000000000010000000000001011000000000000000100000000000110110000000000000001000000000010101100000000000000010000000000111011000000000000000100000000010010110000000000000001000000000101101100000000000000010000000001101011000000000000000100000000011110110000000000000001000000001000101100000000000000010000000010011011000000000000000100000000101010110000000000000001000000001011 ,
b10100000000000000000000000001100101000000000000000000000000011011010000000000000000000000000111010100000000000000000000000001111101100000000000000010000000000001011000000000000000100000000000110110000000000000001000000000010101100000000000000010000000000111011000000000000000100000000010010110000000000000001000000000101101100000000000000010000000001101011000000000000000100000000011110110000000000000001000000001000101100000000000000010000000010011011000000000000000100000000101010110000000000000001000000001011 N
#1560
1"
0!
0E
#1565
1!
1E
b10100000000000000000000000001101101000000000000000000000000011101010000000000000000000000000111110110000000000000001000000000000101100000000000000010000000000011011000000000000000100000000001010110000000000000001000000000011101100000000000000010000000001001011000000000000000100000000010110110000000000000001000000000110101100000000000000010000000001111011000000000000000100000000100010110000000000000001000000001001101100000000000000010000000010101011000000000000000100000000101110110000000000000001000000001100 ,
b10100000000000000000000000001101101000000000000000000000000011101010000000000000000000000000111110110000000000000001000000000000101100000000000000010000000000011011000000000000000100000000001010110000000000000001000000000011101100000000000000010000000001001011000000000000000100000000010110110000000000000001000000000110101100000000000000010000000001111011000000000000000100000000100010110000000000000001000000001001101100000000000000010000000010101011000000000000000100000000101110110000000000000001000000001100 N
#1568
0"
#1570
0!
0E
#1575
1!
1E
#1576
1"
13
#1580
0!
0E
#1584
0"
#1585
1!
1E
b10100000000000000000000000001110101000000000000000000000000011111011000000000000000100000000000010110000000000000001000000000001101100000000000000010000000000101011000000000000000100000000001110110000000000000001000000000100101100000000000000010000000001011011000000000000000100000000011010110000000000000001000000000111101100000000000000010000000010001011000000000000000100000000100110110000000000000001000000001010101100000000000000010000000010111011000000000000000100000000110010110000000000000001000000001101 ,
b10100000000000000000000000001110101000000000000000000000000011111011000000000000000100000000000010110000000000000001000000000001101100000000000000010000000000101011000000000000000100000000001110110000000000000001000000000100101100000000000000010000000001011011000000000000000100000000011010110000000000000001000000000111101100000000000000010000000010001011000000000000000100000000100110110000000000000001000000001010101100000000000000010000000010111011000000000000000100000000110010110000000000000001000000001101 N
#1590
0!
0E
#1592
1"
03
#1595
1!
1E
#1600
0"
0!
0E
#1605
1!
1E
b10100000000000000000000000001111101100000000000000010000000000001011000000000000000100000000000110110000000000000001000000000010101100000000000000010000000000111011000000000000000100000000010010110000000000000001000000000101101100000000000000010000000001101011000000000000000100000000011110110000000000000001000000001000101100000000000000010000000010011011000000000000000100000000101010110000000000000001000000001011101100000000000000010000000011001011000000000000000100000000110110110000000000000001000000001110 ,
b10100000000000000000000000001111101100000000000000010000000000001011000000000000000100000000000110110000000000000001000000000010101100000000000000010000000000111011000000000000000100000000010010110000000000000001000000000101101100000000000000010000000001101011000000000000000100000000011110110000000000000001000000001000101100000000000000010000000010011011000000000000000100000000101010110000000000000001000000001011101100000000000000010000000011001011000000000000000100000000110110110000000000000001000000001110 N
#1608
1"
#1610
0!
0E
#1615
1!
1E
b10110000000000000001000000000000101100000000000000010000000000011011000000000000000100000000001010110000000000000001000000000011101100000000000000010000000001001011000000000000000100000000010110110000000000000001000000000110101100000000000000010000000001111011000000000000000100000000100010110000000000000001000000001001101100000000000000010000000010101011000000000000000100000000101110110000000000000001000000001100101100000000000000010000000011011011000000000000000100000000111010110000000000000001000000001111 ,
b10110000000000000001000000000000101100000000000000010000000000011011000000000000000100000000001010110000000000000001000000000011101100000000000000010000000001001011000000000000000100000000010110110000000000000001000000000110101100000000000000010000000001111011000000000000000100000000100010110000000000000001000000001001101100000000000000010000000010101011000000000000000100000000101110110000000000000001000000001100101100000000000000010000000011011011000000000000000100000000111010110000000000000001000000001111 N
#1616
0"
#1620
0!
0E
#1624
1"
#1625
1!
1E
14
1H
b110 Q
#1630
0!
0E
#1632
0"
#1635
1!
1E
04
0H
b110 C
1-
b000 Q
b00000000000000 P
b00000000000000 0
b10110000000000000001000000000000101100000000000000010000000000011011000000000000000100000000001010110000000000000001000000000011101100000000000000010000000001001011000000000000000100000000010110110000000000000001000000000110101100000000000000010000000001111011000000000000000100000000100010110000000000000001000000001001101100000000000000010000000010101011000000000000000100000000101110110000000000000001000000001100101100000000000000010000000011011011000000000000000100000000111010110000000000000001000000001111 +
#1640
1"
0!
0E
#1645
1!
1E
b000 C
0-
b00000000000000000000000000000000000000000000000000000000000000000000000000000000000000000000000000000000000000000000000000000000000000000000000000000000000000000000000000000000000000000000000000000000000000000000000000000000000000000000000000000000000000000000000000000000000000000000000000000000000000000000000000000000000000000000000000000000000000000000000000000000000000000000000000000000000000000000000000000000000000000000000000000000000000000000000000000000000000000000000000000000000000000000000000000000 +
#1648
0"
#1650
0!
0E
#1655
1!
1E
#1656
1"
#1660
0!
0E
#1664
0"
#1665
1!
1E
#1670
0!
0E
#1672
1"
#1675
1!
1E
#1680
0"
0!
0E
#1685
1!
1E
#1688
1"
#1690
0!
0E
#1695
1!
1E
#1696
0"
#1700
0!
0E
#1704
1"
#1705
1!
1E
#1710
0!
0E
#1712
0"
#1715
1!
1E
b10110000000000000001000000000000101100000000000000010000000000011011000000000000000100000000001010110000000000000001000000000011101100000000000000010000000001001011000000000000000100000000010110110000000000000001000000000110101100000000000000010000000001111011000000000000000100000000100010110000000000000001000000001001101100000000000000010000000010101011000000000000000100000000101110110000000000000001000000001100101100000000000000010000000011011011000000000000000100000000111010110000000000000001000000001111 ?
b00000000000000000000000000000101 7
b00000000000000000000000000000110 7
b00000100000000 (
b00000100000000 L
b00000101000000 )
b00000101000000 M
1%
1I
b11010000000000000011000000000000110100000000000000110000000000011101000000000000001100000000001011010000000000000011000000000011110100000000000000110000000001001101000000000000001100000000010111010000000000000011000000000110110100000000000000110000000001111101000000000000001100000000100011010000000000000011000000001001110100000000000000110000000010101101000000000000001100000000101111010000000000000011000000001100110100000000000000110000000011011101000000000000001100000000111011010000000000000011000000001111 *
b11010000000000000011000000000000110100000000000000110000000000011101000000000000001100000000001011010000000000000011000000000011110100000000000000110000000001001101000000000000001100000000010111010000000000000011000000000110110100000000000000110000000001111101000000000000001100000000100011010000000000000011000000001001110100000000000000110000000010101101000000000000001100000000101111010000000000000011000000001100110100000000000000110000000011011101000000000000001100000000111011010000000000000011000000001111 O
0/
#1720
1"
0!
0E
#1725
1!
1E
1'
1K
b001 Q
1.
#1728
0"
#1730
0!
0E
#1735
1!
1E
0'
0K
b000 Q
0.
b001 C
b010 Q
#1736
1"
#1740
0!
0E
#1744
0"
#1745
1!
1E
b010 C
b011 Q
b00000101000000 P
b00000101000000 0
#1750
0!
0E
#1752
1"
#1755
1!
1E
b011 C
b11010000000000000011000000000000 1
#1760
0"
0!
0E
#1765
1!
1E
1D
b0001 R
1/
b11010000000000000011000000000001 1
#1768
1"
#1770
0!
0E
#1775
1!
1E
b0010 R
b11010000000000000011000000000010 1
#1776
0"
#1780
0!
0E
#1784
1"
05
#1785
1!
1E
b0011 R
b11010000000000000011000000000011 1
#1790
0!
0E
#1792
0"
#1795
1!
1E
b0100 R
b11010000000000000011000000000100 1
#1800
1"
0!
0E
#1805
1!
1E
b0101 R
b11010000000000000011000000000101 1
#1808
0"
#1810
0!
0E
#1815
1!
1E
b0110 R
b11010000000000000011000000000110 1
#1816
1"
#1820
0!
0E
#1824
0"
#1825
1!
1E
b0111 R
b11010000000000000011000000000111 1
#1830
0!
0E
#1832
1"
#1835
1!
1E
b1000 R
b11010000000000000011000000001000 1
#1840
0"
0!
0E
#1845
1!
1E
b1001 R
b11010000000000000011000000001001 1
#1848
1"
#1850
0!
0E
#1855
1!
1E
b1010 R
b11010000000000000011000000001010 1
#1856
0"
#1860
0!
0E
#1864
1"
#1865
1!
1E
b1011 R
b11010000000000000011000000001011 1
#1870
0!
0E
#1872
0"
#1875
1!
1E
b1100 R
b11010000000000000011000000001100 1
#1880
1"
0!
0E
#1885
1!
1E
b1101 R
b11010000000000000011000000001101 1
#1888
0"
#1890
0!
0E
#1895
1!
1E
b1110 R
b11010000000000000011000000001110 1
#1896
1"
#1900
0!
0E
#1904
0"
#1905
1!
1E
b1111 R
b100 Q
b11010000000000000011000000001111 1
#1910
0!
0E
#1912
1"
#1915
1!
1E
12
b0000 R
b100 C
b00000000000000000000000000000000 1
b00000000000000 P
b00000000000000 0
#1920
0"
0!
0E
#1925
1!
1E
02
#1928
1"
#1930
0!
0E
#1935
1!
1E
#1936
0"
#1940
0!
0E
#1944
1"
#1945
1!
1E
#1950
0!
0E
#1952
0"
#1955
1!
1E
#1960
1"
0!
0E
#1965
1!
1E
#1968
0"
#1970
0!
0E
#1975
1!
1E
#1976
1"
#1980
0!
0E
#1984
0"
#1985
1!
1E
#1990
0!
0E
#1992
1"
#1995
1!
1E
#2000
0"
0!
0E
#2005
1!
1E
#2008
1"
#2010
0!
0E
#2015
1!
1E
#2016
0"
#2020
0!
0E
#2024
1"
#2025
1!
1E
#2030
0!
0E
#2032
0"
#2035
1!
1E
#2040
1"
0!
0E
#2045
1!
1E
#2048
0"
#2050
0!
0E
#2055
1!
1E
#2056
1"
#2060
0!
0E
#2064
0"
#2065
1!
1E
#2070
0!
0E
#2072
1"
#2075
1!
1E
#2080
0"
0!
0E
#2085
1!
1E
#2088
1"
13
15
b001 Q
1.
#2090
0!
0E
#2095
1!
1E
b001 C
b010 Q
0.
#2096
0"
#2100
0!
0E
#2104
1"
03
#2105
1!
1E
b010 C
b101 Q
b00000100000000 P
b00000100000000 0
#2110
0!
0E
#2112
0"
#2115
1!
1E
12
b101 C
#2120
1"
0!
0E
#2125
1!
1E
02
#2128
0"
#2130
0!
0E
#2135
1!
1E
#2136
1"
05
#2140
0!
0E
#2144
0"
#2145
1!
1E
#2150
0!
0E
#2152
1"
#2155
1!
1E
#2160
0"
0!
0E
#2165
1!
1E
#2168
1"
#2170
0!
0E
#2175
1!
1E
#2176
0"
#2180
0!
0E
#2184
1"
15
#2185
1!
1E
#2190
0!
0E
#2192
0"
#2195
1!
1E
#2200
1"
0!
0E
#2205
1!
1E
#2208
0"
#2210
0!
0E
#2215
1!
1E
#2216
1"
#2220
0!
0E
#2224
0"
#2225
1!
1E
#2230
0!
0E
#2232
1"
#2235
1!
1E
#2240
0"
0!
0E
#2245
1!
1E
#2248
1"
#2250
0!
0E
#2255
1!
1E
#2256
0"
#2260
0!
0E
#2264
1"
#2265
1!
1E
b10110000000000000001000000000001101100000000000000010000000000101011000000000000000100000000001110110000000000000001000000000100101100000000000000010000000001011011000000000000000100000000011010110000000000000001000000000111101100000000000000010000000010001011000000000000000100000000100110110000000000000001000000001010101100000000000000010000000010111011000000000000000100000000110010110000000000000001000000001101101100000000000000010000000011101011000000000000000100000000111111000000000000000010000000000000 ,
b10110000000000000001000000000001101100000000000000010000000000101011000000000000000100000000001110110000000000000001000000000100101100000000000000010000000001011011000000000000000100000000011010110000000000000001000000000111101100000000000000010000000010001011000000000000000100000000100110110000000000000001000000001010101100000000000000010000000010111011000000000000000100000000110010110000000000000001000000001101101100000000000000010000000011101011000000000000000100000000111111000000000000000010000000000000 N
#2270
0!
0E
#2272
0"
#2275
1!
1E
b10110000000000000001000000000010101100000000000000010000000000111011000000000000000100000000010010110000000000000001000000000101101100000000000000010000000001101011000000000000000100000000011110110000000000000001000000001000101100000000000000010000000010011011000000000000000100000000101010110000000000000001000000001011101100000000000000010000000011001011000000000000000100000000110110110000000000000001000000001110101100000000000000010000000011111100000000000000001000000000000011000000000000000010000000000001 ,
b10110000000000000001000000000010101100000000000000010000000000111011000000000000000100000000010010110000000000000001000000000101101100000000000000010000000001101011000000000000000100000000011110110000000000000001000000001000101100000000000000010000000010011011000000000000000100000000101010110000000000000001000000001011101100000000000000010000000011001011000000000000000100000000110110110000000000000001000000001110101100000000000000010000000011111100000000000000001000000000000011000000000000000010000000000001 N
#2280
1"
0!
0E
#2285
1!
1E
b10110000000000000001000000000011101100000000000000010000000001001011000000000000000100000000010110110000000000000001000000000110101100000000000000010000000001111011000000000000000100000000100010110000000000000001000000001001101100000000000000010000000010101011000000000000000100000000101110110000000000000001000000001100101100000000000000010000000011011011000000000000000100000000111010110000000000000001000000001111110000000000000000100000000000001100000000000000001000000000000111000000000000000010000000000010 ,
b10110000000000000001000000000011101100000000000000010000000001001011000000000000000100000000010110110000000000000001000000000110101100000000000000010000000001111011000000000000000100000000100010110000000000000001000000001001101100000000000000010000000010101011000000000000000100000000101110110000000000000001000000001100101100000000000000010000000011011011000000000000000100000000111010110000000000000001000000001111110000000000000000100000000000001100000000000000001000000000000111000000000000000010000000000010 N
#2288
0"
#2290
0!
0E
#2295
1!
1E
#2296
1"
#2300
0!
0E
#2304
0"
#2305
1!
1E
b10110000000000000001000000000100101100000000000000010000000001011011000000000000000100000000011010110000000000000001000000000111101100000000000000010000000010001011000000000000000100000000100110110000000000000001000000001010101100000000000000010000000010111011000000000000000100000000110010110000000000000001000000001101101100000000000000010000000011101011000000000000000100000000111111000000000000000010000000000000110000000000000000100000000000011100000000000000001000000000001011000000000000000010000000000011 ,
b10110000000000000001000000000100101100000000000000010000000001011011000000000000000100000000011010110000000000000001000000000111101100000000000000010000000010001011000000000000000100000000100110110000000000000001000000001010101100000000000000010000000010111011000000000000000100000000110010110000000000000001000000001101101100000000000000010000000011101011000000000000000100000000111111000000000000000010000000000000110000000000000000100000000000011100000000000000001000000000001011000000000000000010000000000011 N
#2310
0!
0E
#2312
1"
#2315
1!
1E
#2320
0"
0!
0E
#2325
1!
1E
b10110000000000000001000000000101101100000000000000010000000001101011000000000000000100000000011110110000000000000001000000001000101100000000000000010000000010011011000000000000000100000000101010110000000000000001000000001011101100000000000000010000000011001011000000000000000100000000110110110000000000000001000000001110101100000000000000010000000011111100000000000000001000000000000011000000000000000010000000000001110000000000000000100000000000101100000000000000001000000000001111000000000000000010000000000100 ,
b10110000000000000001000000000101101100000000000000010000000001101011000000000000000100000000011110110000000000000001000000001000101100000000000000010000000010011011000000000000000100000000101010110000000000000001000000001011101100000000000000010000000011001011000000000000000100000000110110110000000000000001000000001110101100000000000000010000000011111100000000000000001000000000000011000000000000000010000000000001110000000000000000100000000000101100000000000000001000000000001111000000000000000010000000000100 N
#2328
1"
#2330
0!
0E
#2335
1!
1E
b10110000000000000001000000000110101100000000000000010000000001111011000000000000000100000000100010110000000000000001000000001001101100000000000000010000000010101011000000000000000100000000101110110000000000000001000000001100101100000000000000010000000011011011000000000000000100000000111010110000000000000001000000001111110000000000000000100000000000001100000000000000001000000000000111000000000000000010000000000010110000000000000000100000000000111100000000000000001000000000010011000000000000000010000000000101 ,
b10110000000000000001000000000110101100000000000000010000000001111011000000000000000100000000100010110000000000000001000000001001101100000000000000010000000010101011000000000000000100000000101110110000000000000001000000001100101100000000000000010000000011011011000000000000000100000000111010110000000000000001000000001111110000000000000000100000000000001100000000000000001000000000000111000000000000000010000000000010110000000000000000100000000000111100000000000000001000000000010011000000000000000010000000000101 N
#2336
0"
#2340
0!
0E
#2344
1"
#2345
1!
1E
#2350
0!
0E
#2352
0"
#2355
1!
1E
b10110000000000000001000000000111101100000000000000010000000010001011000000000000000100000000100110110000000000000001000000001010101100000000000000010000000010111011000000000000000100000000110010110000000000000001000000001101101100000000000000010000000011101011000000000000000100000000111111000000000000000010000000000000110000000000000000100000000000011100000000000000001000000000001011000000000000000010000000000011110000000000000000100000000001001100000000000000001000000000010111000000000000000010000000000110 ,
b10110000000000000001000000000111101100000000000000010000000010001011000000000000000100000000100110110000000000000001000000001010101100000000000000010000000010111011000000000000000100000000110010110000000000000001000000001101101100000000000000010000000011101011000000000000000100000000111111000000000000000010000000000000110000000000000000100000000000011100000000000000001000000000001011000000000000000010000000000011110000000000000000100000000001001100000000000000001000000000010111000000000000000010000000000110 N
#2360
1"
0!
0E
#2365
1!
1E
b10110000000000000001000000001000101100000000000000010000000010011011000000000000000100000000101010110000000000000001000000001011101100000000000000010000000011001011000000000000000100000000110110110000000000000001000000001110101100000000000000010000000011111100000000000000001000000000000011000000000000000010000000000001110000000000000000100000000000101100000000000000001000000000001111000000000000000010000000000100110000000000000000100000000001011100000000000000001000000000011011000000000000000010000000000111 ,
b10110000000000000001000000001000101100000000000000010000000010011011000000000000000100000000101010110000000000000001000000001011101100000000000000010000000011001011000000000000000100000000110110110000000000000001000000001110101100000000000000010000000011111100000000000000001000000000000011000000000000000010000000000001110000000000000000100000000000101100000000000000001000000000001111000000000000000010000000000100110000000000000000100000000001011100000000000000001000000000011011000000000000000010000000000111 N
#2368
0"
#2370
0!
0E
#2375
1!
1E
#2376
1"
#2380
0!
0E
#2384
0"
#2385
1!
1E
b10110000000000000001000000001001101100000000000000010000000010101011000000000000000100000000101110110000000000000001000000001100101100000000000000010000000011011011000000000000000100000000111010110000000000000001000000001111110000000000000000100000000000001100000000000000001000000000000111000000000000000010000000000010110000000000000000100000000000111100000000000000001000000000010011000000000000000010000000000101110000000000000000100000000001101100000000000000001000000000011111000000000000000010000000001000 ,
b10110000000000000001000000001001101100000000000000010000000010101011000000000000000100000000101110110000000000000001000000001100101100000000000000010000000011011011000000000000000100000000111010110000000000000001000000001111110000000000000000100000000000001100000000000000001000000000000111000000000000000010000000000010110000000000000000100000000000111100000000000000001000000000010011000000000000000010000000000101110000000000000000100000000001101100000000000000001000000000011111000000000000000010000000001000 N
#2390
0!
0E
#2392
1"
#2395
1!
1E
#2400
0"
0!
0E
#2405
1!
1E
b10110000000000000001000000001010101100000000000000010000000010111011000000000000000100000000110010110000000000000001000000001101101100000000000000010000000011101011000000000000000100000000111111000000000000000010000000000000110000000000000000100000000000011100000000000000001000000000001011000000000000000010000000000011110000000000000000100000000001001100000000000000001000000000010111000000000000000010000000000110110000000000000000100000000001111100000000000000001000000000100011000000000000000010000000001001 ,
b10110000000000000001000000001010101100000000000000010000000010111011000000000000000100000000110010110000000000000001000000001101101100000000000000010000000011101011000000000000000100000000111111000000000000000010000000000000110000000000000000100000000000011100000000000000001000000000001011000000000000000010000000000011110000000000000000100000000001001100000000000000001000000000010111000000000000000010000000000110110000000000000000100000000001111100000000000000001000000000100011000000000000000010000000001001 N
#2408
1"
#2410
0!
0E
#2415
1!
1E
b10110000000000000001000000001011101100000000000000010000000011001011000000000000000100000000110110110000000000000001000000001110101100000000000000010000000011111100000000000000001000000000000011000000000000000010000000000001110000000000000000100000000000101100000000000000001000000000001111000000000000000010000000000100110000000000000000100000000001011100000000000000001000000000011011000000000000000010000000000111110000000000000000100000000010001100000000000000001000000000100111000000000000000010000000001010 ,
b10110000000000000001000000001011101100000000000000010000000011001011000000000000000100000000110110110000000000000001000000001110101100000000000000010000000011111100000000000000001000000000000011000000000000000010000000000001110000000000000000100000000000101100000000000000001000000000001111000000000000000010000000000100110000000000000000100000000001011100000000000000001000000000011011000000000000000010000000000111110000000000000000100000000010001100000000000000001000000000100111000000000000000010000000001010 N
#2416
0"
#2420
0!
0E
#2424
1"
#2425
1!
1E
#2430
0!
0E
#2432
0"
#2435
1!
1E
b10110000000000000001000000001100101100000000000000010000000011011011000000000000000100000000111010110000000000000001000000001111110000000000000000100000000000001100000000000000001000000000000111000000000000000010000000000010110000000000000000100000000000111100000000000000001000000000010011000000000000000010000000000101110000000000000000100000000001101100000000000000001000000000011111000000000000000010000000001000110000000000000000100000000010011100000000000000001000000000101011000000000000000010000000001011 ,
b10110000000000000001000000001100101100000000000000010000000011011011000000000000000100000000111010110000000000000001000000001111110000000000000000100000000000001100000000000000001000000000000111000000000000000010000000000010110000000000000000100000000000111100000000000000001000000000010011000000000000000010000000000101110000000000000000100000000001101100000000000000001000000000011111000000000000000010000000001000110000000000000000100000000010011100000000000000001000000000101011000000000000000010000000001011 N
#2440
1"
0!
0E
#2445
1!
1E
b10110000000000000001000000001101101100000000000000010000000011101011000000000000000100000000111111000000000000000010000000000000110000000000000000100000000000011100000000000000001000000000001011000000000000000010000000000011110000000000000000100000000001001100000000000000001000000000010111000000000000000010000000000110110000000000000000100000000001111100000000000000001000000000100011000000000000000010000000001001110000000000000000100000000010101100000000000000001000000000101111000000000000000010000000001100 ,
b10110000000000000001000000001101101100000000000000010000000011101011000000000000000100000000111111000000000000000010000000000000110000000000000000100000000000011100000000000000001000000000001011000000000000000010000000000011110000000000000000100000000001001100000000000000001000000000010111000000000000000010000000000110110000000000000000100000000001111100000000000000001000000000100011000000000000000010000000001001110000000000000000100000000010101100000000000000001000000000101111000000000000000010000000001100 N
#2448
0"
#2450
0!
0E
#2455
1!
1E
#2456
1"
13
#2460
0!
0E
#2464
0"
#2465
1!
1E
b10110000000000000001000000001110101100000000000000010000000011111100000000000000001000000000000011000000000000000010000000000001110000000000000000100000000000101100000000000000001000000000001111000000000000000010000000000100110000000000000000100000000001011100000000000000001000000000011011000000000000000010000000000111110000000000000000100000000010001100000000000000001000000000100111000000000000000010000000001010110000000000000000100000000010111100000000000000001000000000110011000000000000000010000000001101 ,
b10110000000000000001000000001110101100000000000000010000000011111100000000000000001000000000000011000000000000000010000000000001110000000000000000100000000000101100000000000000001000000000001111000000000000000010000000000100110000000000000000100000000001011100000000000000001000000000011011000000000000000010000000000111110000000000000000100000000010001100000000000000001000000000100111000000000000000010000000001010110000000000000000100000000010111100000000000000001000000000110011000000000000000010000000001101 N
#2470
0!
0E
#2472
1"
03
#2475
1!
1E
#2480
0"
0!
0E
#2485
1!
1E
b10110000000000000001000000001111110000000000000000100000000000001100000000000000001000000000000111000000000000000010000000000010110000000000000000100000000000111100000000000000001000000000010011000000000000000010000000000101110000000000000000100000000001101100000000000000001000000000011111000000000000000010000000001000110000000000000000100000000010011100000000000000001000000000101011000000000000000010000000001011110000000000000000100000000011001100000000000000001000000000110111000000000000000010000000001110 ,
b10110000000000000001000000001111110000000000000000100000000000001100000000000000001000000000000111000000000000000010000000000010110000000000000000100000000000111100000000000000001000000000010011000000000000000010000000000101110000000000000000100000000001101100000000000000001000000000011111000000000000000010000000001000110000000000000000100000000010011100000000000000001000000000101011000000000000000010000000001011110000000000000000100000000011001100000000000000001000000000110111000000000000000010000000001110 N
#2488
1"
#2490
0!
0E
#2495
1!
1E
b11000000000000000010000000000000110000000000000000100000000000011100000000000000001000000000001011000000000000000010000000000011110000000000000000100000000001001100000000000000001000000000010111000000000000000010000000000110110000000000000000100000000001111100000000000000001000000000100011000000000000000010000000001001110000000000000000100000000010101100000000000000001000000000101111000000000000000010000000001100110000000000000000100000000011011100000000000000001000000000111011000000000000000010000000001111 ,
b11000000000000000010000000000000110000000000000000100000000000011100000000000000001000000000001011000000000000000010000000000011110000000000000000100000000001001100000000000000001000000000010111000000000000000010000000000110110000000000000000100000000001111100000000000000001000000000100011000000000000000010000000001001110000000000000000100000000010101100000000000000001000000000101111000000000000000010000000001100110000000000000000100000000011011100000000000000001000000000111011000000000000000010000000001111 N
#2496
0"
#2500
0!
0E
#2504
1"
#2505
1!
1E
14
1H
b110 Q
#2510
0!
0E
#2512
0"
#2515
1!
1E
04
0H
b110 C
1-
b000 Q
b00000000000000 P
b00000000000000 0
b11000000000000000010000000000000110000000000000000100000000000011100000000000000001000000000001011000000000000000010000000000011110000000000000000100000000001001100000000000000001000000000010111000000000000000010000000000110110000000000000000100000000001111100000000000000001000000000100011000000000000000010000000001001110000000000000000100000000010101100000000000000001000000000101111000000000000000010000000001100110000000000000000100000000011011100000000000000001000000000111011000000000000000010000000001111 +
#2520
1"
0!
0E
#2525
1!
1E
b000 C
0-
b00000000000000000000000000000000000000000000000000000000000000000000000000000000000000000000000000000000000000000000000000000000000000000000000000000000000000000000000000000000000000000000000000000000000000000000000000000000000000000000000000000000000000000000000000000000000000000000000000000000000000000000000000000000000000000000000000000000000000000000000000000000000000000000000000000000000000000000000000000000000000000000000000000000000000000000000000000000000000000000000000000000000000000000000000000000 +
#2528
0"
#2530
0!
0E
#2535
1!
1E
0D
0/
#2536
1"
#2540
0!
0E
#2544
0"
#2545
1!
1E
#2550
0!
0E
#2552
1"
#2555
1!
1E
#2560
0"
0!
0E
#2565
1!
1E
#2568
1"
#2570
0!
0E
#2575
1!
1E
#2576
0"
#2580
0!
0E
#2584
1"
#2585
1!
1E
#2590
0!
0E
#2592
0"
#2595
1!
1E
b11000000000000000010000000000000110000000000000000100000000000011100000000000000001000000000001011000000000000000010000000000011110000000000000000100000000001001100000000000000001000000000010111000000000000000010000000000110110000000000000000100000000001111100000000000000001000000000100011000000000000000010000000001001110000000000000000100000000010101100000000000000001000000000101111000000000000000010000000001100110000000000000000100000000011011100000000000000001000000000111011000000000000000010000000001111 ?
b00000000000000000000000000000111 7
b11010000000000000011000000000000110100000000000000110000000000011101000000000000001100000000001011010000000000000011000000000011110100000000000000110000000001001101000000000000001100000000010111010000000000000011000000000110110100000000000000110000000001111101000000000000001100000000100011010000000000000011000000001001110100000000000000110000000010101101000000000000001100000000101111010000000000000011000000001100110100000000000000110000000011011101000000000000001100000000111011010000000000000011000000001111 @
b00000000000000000000000000001000 7
b11000000000000000010000000000000110000000000000000100000000000011100000000000000001000000000001011000000000000000010000000000011110000000000000000100000000001001100000000000000001000000000010111000000000000000010000000000110110000000000000000100000000001111100000000000000001000000000100011000000000000000010000000001001110000000000000000100000000010101100000000000000001000000000101111000000000000000010000000001100110000000000000000100000000011011100000000000000001000000000111011000000000000000010000000001111 @
b00000000000000000000000000001001 7
b00000000000000000000000000001010 7
b00000101000000 (
b00000101000000 L
b00000110010000 )
b00000110010000 M
0&
0J
b11011110101011011011111000000000110111101010110110111110000000011101111010101101101111100000001011011110101011011011111000000011110111101010110110111110000001001101111010101101101111100000010111011110101011011011111000000110110111101010110110111110000001111101111010101101101111100000100011011110101011011011111000001001110111101010110110111110000010101101111010101101101111100000101111011110101011011011111000001100110111101010110110111110000011011101111010101101101111100000111011011110101011011011111000001111 *
b11011110101011011011111000000000110111101010110110111110000000011101111010101101101111100000001011011110101011011011111000000011110111101010110110111110000001001101111010101101101111100000010111011110101011011011111000000110110111101010110110111110000001111101111010101101101111100000100011011110101011011011111000001001110111101010110110111110000010101101111010101101101111100000101111011110101011011011111000001100110111101010110110111110000011011101111010101101101111100000111011011110101011011011111000001111 O
1/
#2600
1"
0!
0E
#2605
1!
1E
1'
1K
b001 Q
1.
#2608
0"
#2610
0!
0E
#2615
1!
1E
0'
0K
b000 Q
0.
b001 C
b010 Q
#2616
1"
#2620
0!
0E
#2624
0"
#2625
1!
1E
b010 C
b101 Q
b00000101000000 P
b00000101000000 0
#2630
0!
0E
#2632
1"
#2635
1!
1E
12
b101 C
#2640
0"
0!
0E
#2645
1!
1E
02
#2648
1"
#2650
0!
0E
#2655
1!
1E
#2656
0"
#2660
0!
0E
#2664
1"
05
#2665
1!
1E
#2670
0!
0E
#2672
0"
#2675
1!
1E
#2680
1"
0!
0E
#2685
1!
1E
#2688
0"
#2690
0!
0E
#2695
1!
1E
#2696
1"
#2700
0!
0E
#2704
0"
#2705
1!
1E
#2710
0!
0E
#2712
1"
15
#2715
1!
1E
#2720
0"
0!
0E
#2725
1!
1E
#2728
1"
#2730
0!
0E
#2735
1!
1E
#2736
0"
#2740
0!
0E
#2744
1"
#2745
1!
1E
#2750
0!
0E
#2752
0"
#2755
1!
1E
#2760
1"
0!
0E
#2765
1!
1E
#2768
0"
#2770
0!
0E
#2775
1!
1E
#2776
1"
#2780
0!
0E
#2784
0"
#2785
1!
1E
#2790
0!
0E
#2792
1"
#2795
1!
1E
b11000000000000000010000000000001110000000000000000100000000000101100000000000000001000000000001111000000000000000010000000000100110000000000000000100000000001011100000000000000001000000000011011000000000000000010000000000111110000000000000000100000000010001100000000000000001000000000100111000000000000000010000000001010110000000000000000100000000010111100000000000000001000000000110011000000000000000010000000001101110000000000000000100000000011101100000000000000001000000000111111010000000000000011000000000000 ,
b11000000000000000010000000000001110000000000000000100000000000101100000000000000001000000000001111000000000000000010000000000100110000000000000000100000000001011100000000000000001000000000011011000000000000000010000000000111110000000000000000100000000010001100000000000000001000000000100111000000000000000010000000001010110000000000000000100000000010111100000000000000001000000000110011000000000000000010000000001101110000000000000000100000000011101100000000000000001000000000111111010000000000000011000000000000 N
#2800
0"
0!
0E
#2805
1!
1E
b11000000000000000010000000000010110000000000000000100000000000111100000000000000001000000000010011000000000000000010000000000101110000000000000000100000000001101100000000000000001000000000011111000000000000000010000000001000110000000000000000100000000010011100000000000000001000000000101011000000000000000010000000001011110000000000000000100000000011001100000000000000001000000000110111000000000000000010000000001110110000000000000000100000000011111101000000000000001100000000000011010000000000000011000000000001 ,
b11000000000000000010000000000010110000000000000000100000000000111100000000000000001000000000010011000000000000000010000000000101110000000000000000100000000001101100000000000000001000000000011111000000000000000010000000001000110000000000000000100000000010011100000000000000001000000000101011000000000000000010000000001011110000000000000000100000000011001100000000000000001000000000110111000000000000000010000000001110110000000000000000100000000011111101000000000000001100000000000011010000000000000011000000000001 N
#2808
1"
#2810
0!
0E
#2815
1!
1E
b11000000000000000010000000000011110000000000000000100000000001001100000000000000001000000000010111000000000000000010000000000110110000000000000000100000000001111100000000000000001000000000100011000000000000000010000000001001110000000000000000100000000010101100000000000000001000000000101111000000000000000010000000001100110000000000000000100000000011011100000000000000001000000000111011000000000000000010000000001111110100000000000000110000000000001101000000000000001100000000000111010000000000000011000000000010 ,
b11000000000000000010000000000011110000000000000000100000000001001100000000000000001000000000010111000000000000000010000000000110110000000000000000100000000001111100000000000000001000000000100011000000000000000010000000001001110000000000000000100000000010101100000000000000001000000000101111000000000000000010000000001100110000000000000000100000000011011100000000000000001000000000111011000000000000000010000000001111110100000000000000110000000000001101000000000000001100000000000111010000000000000011000000000010 N
#2816
0"
#2820
0!
0E
#2824
1"
#2825
1!
1E
#2830
0!
0E
#2832
0"
#2835
1!
1E
b11000000000000000010000000000100110000000000000000100000000001011100000000000000001000000000011011000000000000000010000000000111110000000000000000100000000010001100000000000000001000000000100111000000000000000010000000001010110000000000000000100000000010111100000000000000001000000000110011000000000000000010000000001101110000000000000000100000000011101100000000000000001000000000111111010000000000000011000000000000110100000000000000110000000000011101000000000000001100000000001011010000000000000011000000000011 ,
b11000000000000000010000000000100110000000000000000100000000001011100000000000000001000000000011011000000000000000010000000000111110000000000000000100000000010001100000000000000001000000000100111000000000000000010000000001010110000000000000000100000000010111100000000000000001000000000110011000000000000000010000000001101110000000000000000100000000011101100000000000000001000000000111111010000000000000011000000000000110100000000000000110000000000011101000000000000001100000000001011010000000000000011000000000011 N
#2840
1"
0!
0E
#2845
1!
1E
b11000000000000000010000000000101110000000000000000100000000001101100000000000000001000000000011111000000000000000010000000001000110000000000000000100000000010011100000000000000001000000000101011000000000000000010000000001011110000000000000000100000000011001100000000000000001000000000110111000000000000000010000000001110110000000000000000100000000011111101000000000000001100000000000011010000000000000011000000000001110100000000000000110000000000101101000000000000001100000000001111010000000000000011000000000100 ,
b11000000000000000010000000000101110000000000000000100000000001101100000000000000001000000000011111000000000000000010000000001000110000000000000000100000000010011100000000000000001000000000101011000000000000000010000000001011110000000000000000100000000011001100000000000000001000000000110111000000000000000010000000001110110000000000000000100000000011111101000000000000001100000000000011010000000000000011000000000001110100000000000000110000000000101101000000000000001100000000001111010000000000000011000000000100 N
#2848
0"
#2850
0!
0E
#2855
1!
1E
#2856
1"
#2860
0!
0E
#2864
0"
#2865
1!
1E
b11000000000000000010000000000110110000000000000000100000000001111100000000000000001000000000100011000000000000000010000000001001110000000000000000100000000010101100000000000000001000000000101111000000000000000010000000001100110000000000000000100000000011011100000000000000001000000000111011000000000000000010000000001111110100000000000000110000000000001101000000000000001100000000000111010000000000000011000000000010110100000000000000110000000000111101000000000000001100000000010011010000000000000011000000000101 ,
b11000000000000000010000000000110110000000000000000100000000001111100000000000000001000000000100011000000000000000010000000001001110000000000000000100000000010101100000000000000001000000000101111000000000000000010000000001100110000000000000000100000000011011100000000000000001000000000111011000000000000000010000000001111110100000000000000110000000000001101000000000000001100000000000111010000000000000011000000000010110100000000000000110000000000111101000000000000001100000000010011010000000000000011000000000101 N
#2870
0!
0E
#2872
1"
#2875
1!
1E
#2880
0"
0!
0E
#2885
1!
1E
b11000000000000000010000000000111110000000000000000100000000010001100000000000000001000000000100111000000000000000010000000001010110000000000000000100000000010111100000000000000001000000000110011000000000000000010000000001101110000000000000000100000000011101100000000000000001000000000111111010000000000000011000000000000110100000000000000110000000000011101000000000000001100000000001011010000000000000011000000000011110100000000000000110000000001001101000000000000001100000000010111010000000000000011000000000110 ,
b11000000000000000010000000000111110000000000000000100000000010001100000000000000001000000000100111000000000000000010000000001010110000000000000000100000000010111100000000000000001000000000110011000000000000000010000000001101110000000000000000100000000011101100000000000000001000000000111111010000000000000011000000000000110100000000000000110000000000011101000000000000001100000000001011010000000000000011000000000011110100000000000000110000000001001101000000000000001100000000010111010000000000000011000000000110 N
#2888
1"
#2890
0!
0E
#2895
1!
1E
b11000000000000000010000000001000110000000000000000100000000010011100000000000000001000000000101011000000000000000010000000001011110000000000000000100000000011001100000000000000001000000000110111000000000000000010000000001110110000000000000000100000000011111101000000000000001100000000000011010000000000000011000000000001110100000000000000110000000000101101000000000000001100000000001111010000000000000011000000000100110100000000000000110000000001011101000000000000001100000000011011010000000000000011000000000111 ,
b11000000000000000010000000001000110000000000000000100000000010011100000000000000001000000000101011000000000000000010000000001011110000000000000000100000000011001100000000000000001000000000110111000000000000000010000000001110110000000000000000100000000011111101000000000000001100000000000011010000000000000011000000000001110100000000000000110000000000101101000000000000001100000000001111010000000000000011000000000100110100000000000000110000000001011101000000000000001100000000011011010000000000000011000000000111 N
#2896
0"
#2900
0!
0E
#2904
1"
#2905
1!
1E
#2910
0!
0E
#2912
0"
#2915
1!
1E
b11000000000000000010000000001001110000000000000000100000000010101100000000000000001000000000101111000000000000000010000000001100110000000000000000100000000011011100000000000000001000000000111011000000000000000010000000001111110100000000000000110000000000001101000000000000001100000000000111010000000000000011000000000010110100000000000000110000000000111101000000000000001100000000010011010000000000000011000000000101110100000000000000110000000001101101000000000000001100000000011111010000000000000011000000001000 ,
b11000000000000000010000000001001110000000000000000100000000010101100000000000000001000000000101111000000000000000010000000001100110000000000000000100000000011011100000000000000001000000000111011000000000000000010000000001111110100000000000000110000000000001101000000000000001100000000000111010000000000000011000000000010110100000000000000110000000000111101000000000000001100000000010011010000000000000011000000000101110100000000000000110000000001101101000000000000001100000000011111010000000000000011000000001000 N
#2920
1"
0!
0E
#2925
1!
1E
b11000000000000000010000000001010110000000000000000100000000010111100000000000000001000000000110011000000000000000010000000001101110000000000000000100000000011101100000000000000001000000000111111010000000000000011000000000000110100000000000000110000000000011101000000000000001100000000001011010000000000000011000000000011110100000000000000110000000001001101000000000000001100000000010111010000000000000011000000000110110100000000000000110000000001111101000000000000001100000000100011010000000000000011000000001001 ,
b11000000000000000010000000001010110000000000000000100000000010111100000000000000001000000000110011000000000000000010000000001101110000000000000000100000000011101100000000000000001000000000111111010000000000000011000000000000110100000000000000110000000000011101000000000000001100000000001011010000000000000011000000000011110100000000000000110000000001001101000000000000001100000000010111010000000000000011000000000110110100000000000000110000000001111101000000000000001100000000100011010000000000000011000000001001 N
#2928
0"
#2930
0!
0E
#2935
1!
1E
#2936
1"
#2940
0!
0E
#2944
0"
#2945
1!
1E
b11000000000000000010000000001011110000000000000000100000000011001100000000000000001000000000110111000000000000000010000000001110110000000000000000100000000011111101000000000000001100000000000011010000000000000011000000000001110100000000000000110000000000101101000000000000001100000000001111010000000000000011000000000100110100000000000000110000000001011101000000000000001100000000011011010000000000000011000000000111110100000000000000110000000010001101000000000000001100000000100111010000000000000011000000001010 ,
b11000000000000000010000000001011110000000000000000100000000011001100000000000000001000000000110111000000000000000010000000001110110000000000000000100000000011111101000000000000001100000000000011010000000000000011000000000001110100000000000000110000000000101101000000000000001100000000001111010000000000000011000000000100110100000000000000110000000001011101000000000000001100000000011011010000000000000011000000000111110100000000000000110000000010001101000000000000001100000000100111010000000000000011000000001010 N
#2950
0!
0E
#2952
1"
#2955
1!
1E
#2960
0"
0!
0E
#2965
1!
1E
b11000000000000000010000000001100110000000000000000100000000011011100000000000000001000000000111011000000000000000010000000001111110100000000000000110000000000001101000000000000001100000000000111010000000000000011000000000010110100000000000000110000000000111101000000000000001100000000010011010000000000000011000000000101110100000000000000110000000001101101000000000000001100000000011111010000000000000011000000001000110100000000000000110000000010011101000000000000001100000000101011010000000000000011000000001011 ,
b11000000000000000010000000001100110000000000000000100000000011011100000000000000001000000000111011000000000000000010000000001111110100000000000000110000000000001101000000000000001100000000000111010000000000000011000000000010110100000000000000110000000000111101000000000000001100000000010011010000000000000011000000000101110100000000000000110000000001101101000000000000001100000000011111010000000000000011000000001000110100000000000000110000000010011101000000000000001100000000101011010000000000000011000000001011 N
#2968
1"
#2970
0!
0E
#2975
1!
1E
b11000000000000000010000000001101110000000000000000100000000011101100000000000000001000000000111111010000000000000011000000000000110100000000000000110000000000011101000000000000001100000000001011010000000000000011000000000011110100000000000000110000000001001101000000000000001100000000010111010000000000000011000000000110110100000000000000110000000001111101000000000000001100000000100011010000000000000011000000001001110100000000000000110000000010101101000000000000001100000000101111010000000000000011000000001100 ,
b11000000000000000010000000001101110000000000000000100000000011101100000000000000001000000000111111010000000000000011000000000000110100000000000000110000000000011101000000000000001100000000001011010000000000000011000000000011110100000000000000110000000001001101000000000000001100000000010111010000000000000011000000000110110100000000000000110000000001111101000000000000001100000000100011010000000000000011000000001001110100000000000000110000000010101101000000000000001100000000101111010000000000000011000000001100 N
#2976
0"
#2980
0!
0E
#2984
1"
13
#2985
1!
1E
#2990
0!
0E
#2992
0"
#2995
1!
1E
b11000000000000000010000000001110110000000000000000100000000011111101000000000000001100000000000011010000000000000011000000000001110100000000000000110000000000101101000000000000001100000000001111010000000000000011000000000100110100000000000000110000000001011101000000000000001100000000011011010000000000000011000000000111110100000000000000110000000010001101000000000000001100000000100111010000000000000011000000001010110100000000000000110000000010111101000000000000001100000000110011010000000000000011000000001101 ,
b11000000000000000010000000001110110000000000000000100000000011111101000000000000001100000000000011010000000000000011000000000001110100000000000000110000000000101101000000000000001100000000001111010000000000000011000000000100110100000000000000110000000001011101000000000000001100000000011011010000000000000011000000000111110100000000000000110000000010001101000000000000001100000000100111010000000000000011000000001010110100000000000000110000000010111101000000000000001100000000110011010000000000000011000000001101 N
#3000
1"
0!
0E
03
#3005
1!
1E
b11000000000000000010000000001111110100000000000000110000000000001101000000000000001100000000000111010000000000000011000000000010110100000000000000110000000000111101000000000000001100000000010011010000000000000011000000000101110100000000000000110000000001101101000000000000001100000000011111010000000000000011000000001000110100000000000000110000000010011101000000000000001100000000101011010000000000000011000000001011110100000000000000110000000011001101000000000000001100000000110111010000000000000011000000001110 ,
b11000000000000000010000000001111110100000000000000110000000000001101000000000000001100000000000111010000000000000011000000000010110100000000000000110000000000111101000000000000001100000000010011010000000000000011000000000101110100000000000000110000000001101101000000000000001100000000011111010000000000000011000000001000110100000000000000110000000010011101000000000000001100000000101011010000000000000011000000001011110100000000000000110000000011001101000000000000001100000000110111010000000000000011000000001110 N
#3008
0"
#3010
0!
0E
#3015
1!
1E
#3016
1"
#3020
0!
0E
#3024
0"
#3025
1!
1E
b11010000000000000011000000000000110100000000000000110000000000011101000000000000001100000000001011010000000000000011000000000011110100000000000000110000000001001101000000000000001100000000010111010000000000000011000000000110110100000000000000110000000001111101000000000000001100000000100011010000000000000011000000001001110100000000000000110000000010101101000000000000001100000000101111010000000000000011000000001100110100000000000000110000000011011101000000000000001100000000111011010000000000000011000000001111 ,
b11010000000000000011000000000000110100000000000000110000000000011101000000000000001100000000001011010000000000000011000000000011110100000000000000110000000001001101000000000000001100000000010111010000000000000011000000000110110100000000000000110000000001111101000000000000001100000000100011010000000000000011000000001001110100000000000000110000000010101101000000000000001100000000101111010000000000000011000000001100110100000000000000110000000011011101000000000000001100000000111011010000000000000011000000001111 N
#3030
0!
0E
#3032
1"
#3035
1!
1E
14
1H
b110 Q
#3040
0"
0!
0E
#3045
1!
1E
04
0H
b110 C
1-
b000 Q
b00000000000000 P
b00000000000000 0
b11010000000000000011000000000000110100000000000000110000000000011101000000000000001100000000001011010000000000000011000000000011110100000000000000110000000001001101000000000000001100000000010111010000000000000011000000000110110100000000000000110000000001111101000000000000001100000000100011010000000000000011000000001001110100000000000000110000000010101101000000000000001100000000101111010000000000000011000000001100110100000000000000110000000011011101000000000000001100000000111011010000000000000011000000001111 +
#3048
1"
#3050
0!
0E
#3055
1!
1E
b000 C
0-
b00000000000000000000000000000000000000000000000000000000000000000000000000000000000000000000000000000000000000000000000000000000000000000000000000000000000000000000000000000000000000000000000000000000000000000000000000000000000000000000000000000000000000000000000000000000000000000000000000000000000000000000000000000000000000000000000000000000000000000000000000000000000000000000000000000000000000000000000000000000000000000000000000000000000000000000000000000000000000000000000000000000000000000000000000000000 +
#3056
0"
#3060
0!
0E
#3064
1"
#3065
1!
1E
#3070
0!
0E
#3072
0"
#3075
1!
1E
#3080
1"
0!
0E
#3085
1!
1E
#3088
0"
#3090
0!
0E
#3095
1!
1E
#3096
1"
#3100
0!
0E
#3104
0"
#3105
1!
1E
#3110
0!
0E
#3112
1"
#3115
1!
1E
#3120
0"
0!
0E
#3125
1!
1E
b11010000000000000011000000000000110100000000000000110000000000011101000000000000001100000000001011010000000000000011000000000011110100000000000000110000000001001101000000000000001100000000010111010000000000000011000000000110110100000000000000110000000001111101000000000000001100000000100011010000000000000011000000001001110100000000000000110000000010101101000000000000001100000000101111010000000000000011000000001100110100000000000000110000000011011101000000000000001100000000111011010000000000000011000000001111 ?
b00000000000000000000000000001011 7
b01010001010100010000000000000000010100010101000100000000000000010101000101010001000000000000001001010001010100010000000000000011010100010101000100000000000001000101000101010001000000000000010101010001010100010000000000000110010100010101000100000000000001110101000101010001000000000000100001010001010100010000000000001001010100010101000100000000000010100101000101010001000000000000101101010001010100010000000000001100010100010101000100000000000011010101000101010001000000000000111001010001010100010000000000001111 @
b00000000000000000000000000001100 7
b00001010000000 (
b00001010000000 L
b00001010000000 )
b00001010000000 M
1&
1J
b11100000000000000100000000000000111000000000000001000000000000011110000000000000010000000000001011100000000000000100000000000011111000000000000001000000000001001110000000000000010000000000010111100000000000000100000000000110111000000000000001000000000001111110000000000000010000000000100011100000000000000100000000001001111000000000000001000000000010101110000000000000010000000000101111100000000000000100000000001100111000000000000001000000000011011110000000000000010000000000111011100000000000000100000000001111 *
b11100000000000000100000000000000111000000000000001000000000000011110000000000000010000000000001011100000000000000100000000000011111000000000000001000000000001001110000000000000010000000000010111100000000000000100000000000110111000000000000001000000000001111110000000000000010000000000100011100000000000000100000000001001111000000000000001000000000010101110000000000000010000000000101111100000000000000100000000001100111000000000000001000000000011011110000000000000010000000000111011100000000000000100000000001111 O
0/
#3128
1"
#3130
0!
0E
#3135
1!
1E
1'
1K
b001 Q
1.
#3136
0"
#3140
0!
0E
#3144
1"
#3145
1!
1E
0'
0K
b000 Q
0.
b001 C
b010 Q
#3150
0!
0E
#3152
0"
#3155
1!
1E
b010 C
b011 Q
b00001010000000 P
b00001010000000 0
#3160
1"
0!
0E
#3165
1!
1E
b011 C
b11100000000000000100000000000000 1
#3168
0"
#3170
0!
0E
#3175
1!
1E
1D
b0001 R
1/
b11100000000000000100000000000001 1
#3176
1"
#3180
0!
0E
#3184
0"
#3185
1!
1E
b0010 R
b11100000000000000100000000000010 1
#3190
0!
0E
#3192
1"
05
#3195
1!
1E
b0011 R
b11100000000000000100000000000011 1
#3200
0"
0!
0E
#3205
1!
1E
b0100 R
b11100000000000000100000000000100 1
#3208
1"
#3210
0!
0E
#3215
1!
1E
b0101 R
b11100000000000000100000000000101 1
#3216
0"
#3220
0!
0E
#3224
1"
#3225
1!
1E
b0110 R
b11100000000000000100000000000110 1
#3230
0!
0E
#3232
0"
#3235
1!
1E
b0111 R
b11100000000000000100000000000111 1
#3240
1"
0!
0E
#3245
1!
1E
b1000 R
b11100000000000000100000000001000 1
#3248
0"
#3250
0!
0E
#3255
1!
1E
b1001 R
b11100000000000000100000000001001 1
#3256
1"
#3260
0!
0E
#3264
0"
#3265
1!
1E
b1010 R
b11100000000000000100000000001010 1
#3270
0!
0E
#3272
1"
#3275
1!
1E
b1011 R
b11100000000000000100000000001011 1
#3280
0"
0!
0E
#3285
1!
1E
b1100 R
b11100000000000000100000000001100 1
#3288
1"
#3290
0!
0E
#3295
1!
1E
b1101 R
b11100000000000000100000000001101 1
#3296
0"
#3300
0!
0E
#3304
1"
#3305
1!
1E
b1110 R
b11100000000000000100000000001110 1
#3310
0!
0E
#3312
0"
#3315
1!
1E
b1111 R
b100 Q
b11100000000000000100000000001111 1
#3320
1"
0!
0E
#3325
1!
1E
12
b0000 R
b100 C
b00000000000000000000000000000000 1
b00000000000000 P
b00000000000000 0
#3328
0"
#3330
0!
0E
#3335
1!
1E
02
#3336
1"
#3340
0!
0E
#3344
0"
#3345
1!
1E
#3350
0!
0E
#3352
1"
#3355
1!
1E
#3360
0"
0!
0E
#3365
1!
1E
#3368
1"
#3370
0!
0E
#3375
1!
1E
#3376
0"
#3380
0!
0E
#3384
1"
#3385
1!
1E
#3390
0!
0E
#3392
0"
#3395
1!
1E
#3400
1"
0!
0E
#3405
1!
1E
#3408
0"
#3410
0!
0E
#3415
1!
1E
#3416
1"
#3420
0!
0E
#3424
0"
#3425
1!
1E
#3430
0!
0E
#3432
1"
#3435
1!
1E
#3440
0"
0!
0E
#3445
1!
1E
#3448
1"
#3450
0!
0E
#3455
1!
1E
#3456
0"
#3460
0!
0E
#3464
1"
#3465
1!
1E
#3470
0!
0E
#3472
0"
#3475
1!
1E
#3480
1"
0!
0E
#3485
1!
1E
#3488
0"
#3490
0!
0E
#3495
1!
1E
#3496
1"
13
15
b001 Q
1.
#3500
0!
0E
#3504
0"
#3505
1!
1E
b001 C
b010 Q
0.
#3510
0!
0E
#3512
1"
03
#3515
1!
1E
b010 C
b101 Q
b00001010000000 P
b00001010000000 0
#3520
0"
0!
0E
#3525
1!
1E
12
b101 C
#3528
1"
#3530
0!
0E
#3535
1!
1E
02
#3536
0"
#3540
0!
0E
#3544
1"
05
#3545
1!
1E
#3550
0!
0E
#3552
0"
#3555
1!
1E
#3560
1"
0!
0E
#3565
1!
1E
#3568
0"
#3570
0!
0E
#3575
1!
1E
#3576
1"
#3580
0!
0E
#3584
0"
#3585
1!
1E
#3590
0!
0E
#3592
1"
15
#3595
1!
1E
#3600
0"
0!
0E
#3605
1!
1E
#3608
1"
#3610
0!
0E
#3615
1!
1E
#3616
0"
#3620
0!
0E
#3624
1"
#3625
1!
1E
#3630
0!
0E
#3632
0"
#3635
1!
1E
#3640
1"
0!
0E
#3645
1!
1E
#3648
0"
#3650
0!
0E
#3655
1!
1E
#3656
1"
#3660
0!
0E
#3664
0"
#3665
1!
1E
#3670
0!
0E
#3672
1"
#3675
1!
1E
b11010000000000000011000000000001110100000000000000110000000000101101000000000000001100000000001111010000000000000011000000000100110100000000000000110000000001011101000000000000001100000000011011010000000000000011000000000111110100000000000000110000000010001101000000000000001100000000100111010000000000000011000000001010110100000000000000110000000010111101000000000000001100000000110011010000000000000011000000001101110100000000000000110000000011101101000000000000001100000000111111100000000000000100000000000000 ,
b11010000000000000011000000000001110100000000000000110000000000101101000000000000001100000000001111010000000000000011000000000100110100000000000000110000000001011101000000000000001100000000011011010000000000000011000000000111110100000000000000110000000010001101000000000000001100000000100111010000000000000011000000001010110100000000000000110000000010111101000000000000001100000000110011010000000000000011000000001101110100000000000000110000000011101101000000000000001100000000111111100000000000000100000000000000 N
#3680
0"
0!
0E
#3685
1!
1E
b11010000000000000011000000000010110100000000000000110000000000111101000000000000001100000000010011010000000000000011000000000101110100000000000000110000000001101101000000000000001100000000011111010000000000000011000000001000110100000000000000110000000010011101000000000000001100000000101011010000000000000011000000001011110100000000000000110000000011001101000000000000001100000000110111010000000000000011000000001110110100000000000000110000000011111110000000000000010000000000000011100000000000000100000000000001 ,
b11010000000000000011000000000010110100000000000000110000000000111101000000000000001100000000010011010000000000000011000000000101110100000000000000110000000001101101000000000000001100000000011111010000000000000011000000001000110100000000000000110000000010011101000000000000001100000000101011010000000000000011000000001011110100000000000000110000000011001101000000000000001100000000110111010000000000000011000000001110110100000000000000110000000011111110000000000000010000000000000011100000000000000100000000000001 N
#3688
1"
#3690
0!
0E
#3695
1!
1E
b11010000000000000011000000000011110100000000000000110000000001001101000000000000001100000000010111010000000000000011000000000110110100000000000000110000000001111101000000000000001100000000100011010000000000000011000000001001110100000000000000110000000010101101000000000000001100000000101111010000000000000011000000001100110100000000000000110000000011011101000000000000001100000000111011010000000000000011000000001111111000000000000001000000000000001110000000000000010000000000000111100000000000000100000000000010 ,
b11010000000000000011000000000011110100000000000000110000000001001101000000000000001100000000010111010000000000000011000000000110110100000000000000110000000001111101000000000000001100000000100011010000000000000011000000001001110100000000000000110000000010101101000000000000001100000000101111010000000000000011000000001100110100000000000000110000000011011101000000000000001100000000111011010000000000000011000000001111111000000000000001000000000000001110000000000000010000000000000111100000000000000100000000000010 N
#3696
0"
#3700
0!
0E
#3704
1"
#3705
1!
1E
#3710
0!
0E
#3712
0"
#3715
1!
1E
b11010000000000000011000000000100110100000000000000110000000001011101000000000000001100000000011011010000000000000011000000000111110100000000000000110000000010001101000000000000001100000000100111010000000000000011000000001010110100000000000000110000000010111101000000000000001100000000110011010000000000000011000000001101110100000000000000110000000011101101000000000000001100000000111111100000000000000100000000000000111000000000000001000000000000011110000000000000010000000000001011100000000000000100000000000011 ,
b11010000000000000011000000000100110100000000000000110000000001011101000000000000001100000000011011010000000000000011000000000111110100000000000000110000000010001101000000000000001100000000100111010000000000000011000000001010110100000000000000110000000010111101000000000000001100000000110011010000000000000011000000001101110100000000000000110000000011101101000000000000001100000000111111100000000000000100000000000000111000000000000001000000000000011110000000000000010000000000001011100000000000000100000000000011 N
#3720
1"
0!
0E
#3725
1!
1E
b11010000000000000011000000000101110100000000000000110000000001101101000000000000001100000000011111010000000000000011000000001000110100000000000000110000000010011101000000000000001100000000101011010000000000000011000000001011110100000000000000110000000011001101000000000000001100000000110111010000000000000011000000001110110100000000000000110000000011111110000000000000010000000000000011100000000000000100000000000001111000000000000001000000000000101110000000000000010000000000001111100000000000000100000000000100 ,
b11010000000000000011000000000101110100000000000000110000000001101101000000000000001100000000011111010000000000000011000000001000110100000000000000110000000010011101000000000000001100000000101011010000000000000011000000001011110100000000000000110000000011001101000000000000001100000000110111010000000000000011000000001110110100000000000000110000000011111110000000000000010000000000000011100000000000000100000000000001111000000000000001000000000000101110000000000000010000000000001111100000000000000100000000000100 N
#3728
0"
#3730
0!
0E
#3735
1!
1E
#3736
1"
#3740
0!
0E
#3744
0"
#3745
1!
1E
b11010000000000000011000000000110110100000000000000110000000001111101000000000000001100000000100011010000000000000011000000001001110100000000000000110000000010101101000000000000001100000000101111010000000000000011000000001100110100000000000000110000000011011101000000000000001100000000111011010000000000000011000000001111111000000000000001000000000000001110000000000000010000000000000111100000000000000100000000000010111000000000000001000000000000111110000000000000010000000000010011100000000000000100000000000101 ,
b11010000000000000011000000000110110100000000000000110000000001111101000000000000001100000000100011010000000000000011000000001001110100000000000000110000000010101101000000000000001100000000101111010000000000000011000000001100110100000000000000110000000011011101000000000000001100000000111011010000000000000011000000001111111000000000000001000000000000001110000000000000010000000000000111100000000000000100000000000010111000000000000001000000000000111110000000000000010000000000010011100000000000000100000000000101 N
#3750
0!
0E
#3752
1"
#3755
1!
1E
#3760
0"
0!
0E
#3765
1!
1E
b11010000000000000011000000000111110100000000000000110000000010001101000000000000001100000000100111010000000000000011000000001010110100000000000000110000000010111101000000000000001100000000110011010000000000000011000000001101110100000000000000110000000011101101000000000000001100000000111111100000000000000100000000000000111000000000000001000000000000011110000000000000010000000000001011100000000000000100000000000011111000000000000001000000000001001110000000000000010000000000010111100000000000000100000000000110 ,
b11010000000000000011000000000111110100000000000000110000000010001101000000000000001100000000100111010000000000000011000000001010110100000000000000110000000010111101000000000000001100000000110011010000000000000011000000001101110100000000000000110000000011101101000000000000001100000000111111100000000000000100000000000000111000000000000001000000000000011110000000000000010000000000001011100000000000000100000000000011111000000000000001000000000001001110000000000000010000000000010111100000000000000100000000000110 N
#3768
1"
#3770
0!
0E
#3775
1!
1E
b11010000000000000011000000001000110100000000000000110000000010011101000000000000001100000000101011010000000000000011000000001011110100000000000000110000000011001101000000000000001100000000110111010000000000000011000000001110110100000000000000110000000011111110000000000000010000000000000011100000000000000100000000000001111000000000000001000000000000101110000000000000010000000000001111100000000000000100000000000100111000000000000001000000000001011110000000000000010000000000011011100000000000000100000000000111 ,
b11010000000000000011000000001000110100000000000000110000000010011101000000000000001100000000101011010000000000000011000000001011110100000000000000110000000011001101000000000000001100000000110111010000000000000011000000001110110100000000000000110000000011111110000000000000010000000000000011100000000000000100000000000001111000000000000001000000000000101110000000000000010000000000001111100000000000000100000000000100111000000000000001000000000001011110000000000000010000000000011011100000000000000100000000000111 N
#3776
0"
#3780
0!
0E
#3784
1"
#3785
1!
1E
#3790
0!
0E
#3792
0"
#3795
1!
1E
b11010000000000000011000000001001110100000000000000110000000010101101000000000000001100000000101111010000000000000011000000001100110100000000000000110000000011011101000000000000001100000000111011010000000000000011000000001111111000000000000001000000000000001110000000000000010000000000000111100000000000000100000000000010111000000000000001000000000000111110000000000000010000000000010011100000000000000100000000000101111000000000000001000000000001101110000000000000010000000000011111100000000000000100000000001000 ,
b11010000000000000011000000001001110100000000000000110000000010101101000000000000001100000000101111010000000000000011000000001100110100000000000000110000000011011101000000000000001100000000111011010000000000000011000000001111111000000000000001000000000000001110000000000000010000000000000111100000000000000100000000000010111000000000000001000000000000111110000000000000010000000000010011100000000000000100000000000101111000000000000001000000000001101110000000000000010000000000011111100000000000000100000000001000 N
#3800
1"
0!
0E
#3805
1!
1E
b11010000000000000011000000001010110100000000000000110000000010111101000000000000001100000000110011010000000000000011000000001101110100000000000000110000000011101101000000000000001100000000111111100000000000000100000000000000111000000000000001000000000000011110000000000000010000000000001011100000000000000100000000000011111000000000000001000000000001001110000000000000010000000000010111100000000000000100000000000110111000000000000001000000000001111110000000000000010000000000100011100000000000000100000000001001 ,
b11010000000000000011000000001010110100000000000000110000000010111101000000000000001100000000110011010000000000000011000000001101110100000000000000110000000011101101000000000000001100000000111111100000000000000100000000000000111000000000000001000000000000011110000000000000010000000000001011100000000000000100000000000011111000000000000001000000000001001110000000000000010000000000010111100000000000000100000000000110111000000000000001000000000001111110000000000000010000000000100011100000000000000100000000001001 N
#3808
0"
#3810
0!
0E
#3815
1!
1E
#3816
1"
#3820
0!
0E
#3824
0"
#3825
1!
1E
b11010000000000000011000000001011110100000000000000110000000011001101000000000000001100000000110111010000000000000011000000001110110100000000000000110000000011111110000000000000010000000000000011100000000000000100000000000001111000000000000001000000000000101110000000000000010000000000001111100000000000000100000000000100111000000000000001000000000001011110000000000000010000000000011011100000000000000100000000000111111000000000000001000000000010001110000000000000010000000000100111100000000000000100000000001010 ,
b11010000000000000011000000001011110100000000000000110000000011001101000000000000001100000000110111010000000000000011000000001110110100000000000000110000000011111110000000000000010000000000000011100000000000000100000000000001111000000000000001000000000000101110000000000000010000000000001111100000000000000100000000000100111000000000000001000000000001011110000000000000010000000000011011100000000000000100000000000111111000000000000001000000000010001110000000000000010000000000100111100000000000000100000000001010 N
#3830
0!
0E
#3832
1"
#3835
1!
1E
#3840
0"
0!
0E
#3845
1!
1E
b11010000000000000011000000001100110100000000000000110000000011011101000000000000001100000000111011010000000000000011000000001111111000000000000001000000000000001110000000000000010000000000000111100000000000000100000000000010111000000000000001000000000000111110000000000000010000000000010011100000000000000100000000000101111000000000000001000000000001101110000000000000010000000000011111100000000000000100000000001000111000000000000001000000000010011110000000000000010000000000101011100000000000000100000000001011 ,
b11010000000000000011000000001100110100000000000000110000000011011101000000000000001100000000111011010000000000000011000000001111111000000000000001000000000000001110000000000000010000000000000111100000000000000100000000000010111000000000000001000000000000111110000000000000010000000000010011100000000000000100000000000101111000000000000001000000000001101110000000000000010000000000011111100000000000000100000000001000111000000000000001000000000010011110000000000000010000000000101011100000000000000100000000001011 N
#3848
1"
#3850
0!
0E
#3855
1!
1E
b11010000000000000011000000001101110100000000000000110000000011101101000000000000001100000000111111100000000000000100000000000000111000000000000001000000000000011110000000000000010000000000001011100000000000000100000000000011111000000000000001000000000001001110000000000000010000000000010111100000000000000100000000000110111000000000000001000000000001111110000000000000010000000000100011100000000000000100000000001001111000000000000001000000000010101110000000000000010000000000101111100000000000000100000000001100 ,
b11010000000000000011000000001101110100000000000000110000000011101101000000000000001100000000111111100000000000000100000000000000111000000000000001000000000000011110000000000000010000000000001011100000000000000100000000000011111000000000000001000000000001001110000000000000010000000000010111100000000000000100000000000110111000000000000001000000000001111110000000000000010000000000100011100000000000000100000000001001111000000000000001000000000010101110000000000000010000000000101111100000000000000100000000001100 N
#3856
0"
#3860
0!
0E
#3864
1"
13
#3865
1!
1E
#3870
0!
0E
#3872
0"
#3875
1!
1E
b11010000000000000011000000001110110100000000000000110000000011111110000000000000010000000000000011100000000000000100000000000001111000000000000001000000000000101110000000000000010000000000001111100000000000000100000000000100111000000000000001000000000001011110000000000000010000000000011011100000000000000100000000000111111000000000000001000000000010001110000000000000010000000000100111100000000000000100000000001010111000000000000001000000000010111110000000000000010000000000110011100000000000000100000000001101 ,
b11010000000000000011000000001110110100000000000000110000000011111110000000000000010000000000000011100000000000000100000000000001111000000000000001000000000000101110000000000000010000000000001111100000000000000100000000000100111000000000000001000000000001011110000000000000010000000000011011100000000000000100000000000111111000000000000001000000000010001110000000000000010000000000100111100000000000000100000000001010111000000000000001000000000010111110000000000000010000000000110011100000000000000100000000001101 N
#3880
1"
0!
0E
03
#3885
1!
1E
b11010000000000000011000000001111111000000000000001000000000000001110000000000000010000000000000111100000000000000100000000000010111000000000000001000000000000111110000000000000010000000000010011100000000000000100000000000101111000000000000001000000000001101110000000000000010000000000011111100000000000000100000000001000111000000000000001000000000010011110000000000000010000000000101011100000000000000100000000001011111000000000000001000000000011001110000000000000010000000000110111100000000000000100000000001110 ,
b11010000000000000011000000001111111000000000000001000000000000001110000000000000010000000000000111100000000000000100000000000010111000000000000001000000000000111110000000000000010000000000010011100000000000000100000000000101111000000000000001000000000001101110000000000000010000000000011111100000000000000100000000001000111000000000000001000000000010011110000000000000010000000000101011100000000000000100000000001011111000000000000001000000000011001110000000000000010000000000110111100000000000000100000000001110 N
#3888
0"
#3890
0!
0E
#3895
1!
1E
#3896
1"
#3900
0!
0E
#3904
0"
#3905
1!
1E
b11100000000000000100000000000000111000000000000001000000000000011110000000000000010000000000001011100000000000000100000000000011111000000000000001000000000001001110000000000000010000000000010111100000000000000100000000000110111000000000000001000000000001111110000000000000010000000000100011100000000000000100000000001001111000000000000001000000000010101110000000000000010000000000101111100000000000000100000000001100111000000000000001000000000011011110000000000000010000000000111011100000000000000100000000001111 ,
b11100000000000000100000000000000111000000000000001000000000000011110000000000000010000000000001011100000000000000100000000000011111000000000000001000000000001001110000000000000010000000000010111100000000000000100000000000110111000000000000001000000000001111110000000000000010000000000100011100000000000000100000000001001111000000000000001000000000010101110000000000000010000000000101111100000000000000100000000001100111000000000000001000000000011011110000000000000010000000000111011100000000000000100000000001111 N
#3910
0!
0E
#3912
1"
#3915
1!
1E
14
1H
b110 Q
#3920
0"
0!
0E
#3925
1!
1E
04
0H
b110 C
1-
b000 Q
b00000000000000 P
b00000000000000 0
b11100000000000000100000000000000111000000000000001000000000000011110000000000000010000000000001011100000000000000100000000000011111000000000000001000000000001001110000000000000010000000000010111100000000000000100000000000110111000000000000001000000000001111110000000000000010000000000100011100000000000000100000000001001111000000000000001000000000010101110000000000000010000000000101111100000000000000100000000001100111000000000000001000000000011011110000000000000010000000000111011100000000000000100000000001111 +
#3928
1"
#3930
0!
0E
#3935
1!
1E
b000 C
0-
b00000000000000000000000000000000000000000000000000000000000000000000000000000000000000000000000000000000000000000000000000000000000000000000000000000000000000000000000000000000000000000000000000000000000000000000000000000000000000000000000000000000000000000000000000000000000000000000000000000000000000000000000000000000000000000000000000000000000000000000000000000000000000000000000000000000000000000000000000000000000000000000000000000000000000000000000000000000000000000000000000000000000000000000000000000000 +
#3936
0"
#3940
0!
0E
#3944
1"
#3945
1!
1E
0D
0/
#3950
0!
0E
#3952
0"
#3955
1!
1E
#3960
1"
0!
0E
#3965
1!
1E
#3968
0"
#3970
0!
0E
#3975
1!
1E
#3976
1"
#3980
0!
0E
#3984
0"
#3985
1!
1E
#3990
0!
0E
#3992
1"
#3995
1!
1E
#4000
0"
0!
0E
#4005
1!
1E
b11100000000000000100000000000000111000000000000001000000000000011110000000000000010000000000001011100000000000000100000000000011111000000000000001000000000001001110000000000000010000000000010111100000000000000100000000000110111000000000000001000000000001111110000000000000010000000000100011100000000000000100000000001001111000000000000001000000000010101110000000000000010000000000101111100000000000000100000000001100111000000000000001000000000011011110000000000000010000000000111011100000000000000100000000001111 ?
b00000000000000000000000000001101 7
b11100000000000000100000000000000111000000000000001000000000000011110000000000000010000000000001011100000000000000100000000000011111000000000000001000000000001001110000000000000010000000000010111100000000000000100000000000110111000000000000001000000000001111110000000000000010000000000100011100000000000000100000000001001111000000000000001000000000010101110000000000000010000000000101111100000000000000100000000001100111000000000000001000000000011011110000000000000010000000000111011100000000000000100000000001111 @
b00000000000000000000000000001110 7
b11111111110000 (
b11111111110000 L
b11111111110000 )
b11111111110000 M
b10100000000000000000000000000000101000000000000000000000000000011010000000000000000000000000001010100000000000000000000000000011101000000000000000000000000001001010000000000000000000000000010110100000000000000000000000000110101000000000000000000000000001111010000000000000000000000000100010100000000000000000000000001001101000000000000000000000000010101010000000000000000000000000101110100000000000000000000000001100101000000000000000000000000011011010000000000000000000000000111010100000000000000000000000001111 *
b10100000000000000000000000000000101000000000000000000000000000011010000000000000000000000000001010100000000000000000000000000011101000000000000000000000000001001010000000000000000000000000010110100000000000000000000000000110101000000000000000000000000001111010000000000000000000000000100010100000000000000000000000001001101000000000000000000000000010101010000000000000000000000000101110100000000000000000000000001100101000000000000000000000000011011010000000000000000000000000111010100000000000000000000000001111 O
#4008
1"
#4010
0!
0E
#4015
1!
1E
1'
1K
b001 Q
1.
#4016
0"
#4020
0!
0E
#4024
1"
#4025
1!
1E
0'
0K
b000 Q
0.
b001 C
b010 Q
#4030
0!
0E
#4032
0"
#4035
1!
1E
b010 C
b011 Q
b11111111110000 P
b11111111110000 0
#4040
1"
0!
0E
#4045
1!
1E
b011 C
b10100000000000000000000000000000 1
#4048
0"
#4050
0!
0E
#4055
1!
1E
1D
b0001 R
1/
b10100000000000000000000000000001 1
#4056
1"
#4060
0!
0E
#4064
0"
#4065
1!
1E
b0010 R
b10100000000000000000000000000010 1
#4070
0!
0E
#4072
1"
05
#4075
1!
1E
b0011 R
b10100000000000000000000000000011 1
#4080
0"
0!
0E
#4085
1!
1E
b0100 R
b10100000000000000000000000000100 1
#4088
1"
#4090
0!
0E
#4095
1!
1E
b0101 R
b10100000000000000000000000000101 1
#4096
0"
#4100
0!
0E
#4104
1"
#4105
1!
1E
b0110 R
b10100000000000000000000000000110 1
#4110
0!
0E
#4112
0"
#4115
1!
1E
b0111 R
b10100000000000000000000000000111 1
#4120
1"
0!
0E
#4125
1!
1E
b1000 R
b10100000000000000000000000001000 1
#4128
0"
#4130
0!
0E
#4135
1!
1E
b1001 R
b10100000000000000000000000001001 1
#4136
1"
#4140
0!
0E
#4144
0"
#4145
1!
1E
b1010 R
b10100000000000000000000000001010 1
#4150
0!
0E
#4152
1"
#4155
1!
1E
b1011 R
b10100000000000000000000000001011 1
#4160
0"
0!
0E
#4165
1!
1E
b1100 R
b10100000000000000000000000001100 1
#4168
1"
#4170
0!
0E
#4175
1!
1E
b1101 R
b10100000000000000000000000001101 1
#4176
0"
#4180
0!
0E
#4184
1"
#4185
1!
1E
b1110 R
b10100000000000000000000000001110 1
#4190
0!
0E
#4192
0"
#4195
1!
1E
b1111 R
b100 Q
b10100000000000000000000000001111 1
#4200
1"
0!
0E
#4205
1!
1E
12
b0000 R
b100 C
b00000000000000000000000000000000 1
b00000000000000 P
b00000000000000 0
#4208
0"
#4210
0!
0E
#4215
1!
1E
02
#4216
1"
#4220
0!
0E
#4224
0"
#4225
1!
1E
#4230
0!
0E
#4232
1"
#4235
1!
1E
#4240
0"
0!
0E
#4245
1!
1E
#4248
1"
#4250
0!
0E
#4255
1!
1E
#4256
0"
#4260
0!
0E
#4264
1"
#4265
1!
1E
#4270
0!
0E
#4272
0"
#4275
1!
1E
#4280
1"
0!
0E
#4285
1!
1E
#4288
0"
#4290
0!
0E
#4295
1!
1E
#4296
1"
#4300
0!
0E
#4304
0"
#4305
1!
1E
#4310
0!
0E
#4312
1"
#4315
1!
1E
#4320
0"
0!
0E
#4325
1!
1E
#4328
1"
#4330
0!
0E
#4335
1!
1E
#4336
0"
#4340
0!
0E
#4344
1"
#4345
1!
1E
#4350
0!
0E
#4352
0"
#4355
1!
1E
#4360
1"
0!
0E
#4365
1!
1E
#4368
0"
#4370
0!
0E
#4375
1!
1E
#4376
1"
13
15
b001 Q
1.
#4380
0!
0E
#4384
0"
#4385
1!
1E
b001 C
b010 Q
0.
#4390
0!
0E
#4392
1"
03
#4395
1!
1E
b010 C
b101 Q
b11111111110000 P
b11111111110000 0
#4400
0"
0!
0E
#4405
1!
1E
12
b101 C
#4408
1"
#4410
0!
0E
#4415
1!
1E
02
#4416
0"
#4420
0!
0E
#4424
1"
05
#4425
1!
1E
#4430
0!
0E
#4432
0"
#4435
1!
1E
#4440
1"
0!
0E
#4445
1!
1E
#4448
0"
#4450
0!
0E
#4455
1!
1E
#4456
1"
#4460
0!
0E
#4464
0"
#4465
1!
1E
#4470
0!
0E
#4472
1"
15
#4475
1!
1E
#4480
0"
0!
0E
#4485
1!
1E
#4488
1"
#4490
0!
0E
#4495
1!
1E
#4496
0"
#4500
0!
0E
#4504
1"
#4505
1!
1E
#4510
0!
0E
#4512
0"
#4515
1!
1E
#4520
1"
0!
0E
#4525
1!
1E
#4528
0"
#4530
0!
0E
#4535
1!
1E
#4536
1"
#4540
0!
0E
#4544
0"
#4545
1!
1E
#4550
0!
0E
#4552
1"
#4555
1!
1E
b11100000000000000100000000000001111000000000000001000000000000101110000000000000010000000000001111100000000000000100000000000100111000000000000001000000000001011110000000000000010000000000011011100000000000000100000000000111111000000000000001000000000010001110000000000000010000000000100111100000000000000100000000001010111000000000000001000000000010111110000000000000010000000000110011100000000000000100000000001101111000000000000001000000000011101110000000000000010000000000111110100000000000000000000000000000 ,
b11100000000000000100000000000001111000000000000001000000000000101110000000000000010000000000001111100000000000000100000000000100111000000000000001000000000001011110000000000000010000000000011011100000000000000100000000000111111000000000000001000000000010001110000000000000010000000000100111100000000000000100000000001010111000000000000001000000000010111110000000000000010000000000110011100000000000000100000000001101111000000000000001000000000011101110000000000000010000000000111110100000000000000000000000000000 N
#4560
0"
0!
0E
#4565
1!
1E
b11100000000000000100000000000010111000000000000001000000000000111110000000000000010000000000010011100000000000000100000000000101111000000000000001000000000001101110000000000000010000000000011111100000000000000100000000001000111000000000000001000000000010011110000000000000010000000000101011100000000000000100000000001011111000000000000001000000000011001110000000000000010000000000110111100000000000000100000000001110111000000000000001000000000011111010000000000000000000000000000010100000000000000000000000000001 ,
b11100000000000000100000000000010111000000000000001000000000000111110000000000000010000000000010011100000000000000100000000000101111000000000000001000000000001101110000000000000010000000000011111100000000000000100000000001000111000000000000001000000000010011110000000000000010000000000101011100000000000000100000000001011111000000000000001000000000011001110000000000000010000000000110111100000000000000100000000001110111000000000000001000000000011111010000000000000000000000000000010100000000000000000000000000001 N
#4568
1"
#4570
0!
0E
#4575
1!
1E
b11100000000000000100000000000011111000000000000001000000000001001110000000000000010000000000010111100000000000000100000000000110111000000000000001000000000001111110000000000000010000000000100011100000000000000100000000001001111000000000000001000000000010101110000000000000010000000000101111100000000000000100000000001100111000000000000001000000000011011110000000000000010000000000111011100000000000000100000000001111101000000000000000000000000000001010000000000000000000000000000110100000000000000000000000000010 ,
b11100000000000000100000000000011111000000000000001000000000001001110000000000000010000000000010111100000000000000100000000000110111000000000000001000000000001111110000000000000010000000000100011100000000000000100000000001001111000000000000001000000000010101110000000000000010000000000101111100000000000000100000000001100111000000000000001000000000011011110000000000000010000000000111011100000000000000100000000001111101000000000000000000000000000001010000000000000000000000000000110100000000000000000000000000010 N
#4576
0"
#4580
0!
0E
#4584
1"
#4585
1!
1E
#4590
0!
0E
#4592
0"
#4595
1!
1E
b11100000000000000100000000000100111000000000000001000000000001011110000000000000010000000000011011100000000000000100000000000111111000000000000001000000000010001110000000000000010000000000100111100000000000000100000000001010111000000000000001000000000010111110000000000000010000000000110011100000000000000100000000001101111000000000000001000000000011101110000000000000010000000000111110100000000000000000000000000000101000000000000000000000000000011010000000000000000000000000001010100000000000000000000000000011 ,
b11100000000000000100000000000100111000000000000001000000000001011110000000000000010000000000011011100000000000000100000000000111111000000000000001000000000010001110000000000000010000000000100111100000000000000100000000001010111000000000000001000000000010111110000000000000010000000000110011100000000000000100000000001101111000000000000001000000000011101110000000000000010000000000111110100000000000000000000000000000101000000000000000000000000000011010000000000000000000000000001010100000000000000000000000000011 N
#4600
1"
0!
0E
#4605
1!
1E
b11100000000000000100000000000101111000000000000001000000000001101110000000000000010000000000011111100000000000000100000000001000111000000000000001000000000010011110000000000000010000000000101011100000000000000100000000001011111000000000000001000000000011001110000000000000010000000000110111100000000000000100000000001110111000000000000001000000000011111010000000000000000000000000000010100000000000000000000000000001101000000000000000000000000000101010000000000000000000000000001110100000000000000000000000000100 ,
b11100000000000000100000000000101111000000000000001000000000001101110000000000000010000000000011111100000000000000100000000001000111000000000000001000000000010011110000000000000010000000000101011100000000000000100000000001011111000000000000001000000000011001110000000000000010000000000110111100000000000000100000000001110111000000000000001000000000011111010000000000000000000000000000010100000000000000000000000000001101000000000000000000000000000101010000000000000000000000000001110100000000000000000000000000100 N
#4608
0"
#4610
0!
0E
#4615
1!
1E
#4616
1"
#4620
0!
0E
#4624
0"
#4625
1!
1E
b11100000000000000100000000000110111000000000000001000000000001111110000000000000010000000000100011100000000000000100000000001001111000000000000001000000000010101110000000000000010000000000101111100000000000000100000000001100111000000000000001000000000011011110000000000000010000000000111011100000000000000100000000001111101000000000000000000000000000001010000000000000000000000000000110100000000000000000000000000010101000000000000000000000000000111010000000000000000000000000010010100000000000000000000000000101 ,
b11100000000000000100000000000110111000000000000001000000000001111110000000000000010000000000100011100000000000000100000000001001111000000000000001000000000010101110000000000000010000000000101111100000000000000100000000001100111000000000000001000000000011011110000000000000010000000000111011100000000000000100000000001111101000000000000000000000000000001010000000000000000000000000000110100000000000000000000000000010101000000000000000000000000000111010000000000000000000000000010010100000000000000000000000000101 N
#4630
0!
0E
#4632
1"
#4635
1!
1E
#4640
0"
0!
0E
#4645
1!
1E
b11100000000000000100000000000111111000000000000001000000000010001110000000000000010000000000100111100000000000000100000000001010111000000000000001000000000010111110000000000000010000000000110011100000000000000100000000001101111000000000000001000000000011101110000000000000010000000000111110100000000000000000000000000000101000000000000000000000000000011010000000000000000000000000001010100000000000000000000000000011101000000000000000000000000001001010000000000000000000000000010110100000000000000000000000000110 ,
b11100000000000000100000000000111111000000000000001000000000010001110000000000000010000000000100111100000000000000100000000001010111000000000000001000000000010111110000000000000010000000000110011100000000000000100000000001101111000000000000001000000000011101110000000000000010000000000111110100000000000000000000000000000101000000000000000000000000000011010000000000000000000000000001010100000000000000000000000000011101000000000000000000000000001001010000000000000000000000000010110100000000000000000000000000110 N
#4648
1"
#4650
0!
0E
#4655
1!
1E
b11100000000000000100000000001000111000000000000001000000000010011110000000000000010000000000101011100000000000000100000000001011111000000000000001000000000011001110000000000000010000000000110111100000000000000100000000001110111000000000000001000000000011111010000000000000000000000000000010100000000000000000000000000001101000000000000000000000000000101010000000000000000000000000001110100000000000000000000000000100101000000000000000000000000001011010000000000000000000000000011010100000000000000000000000000111 ,
b11100000000000000100000000001000111000000000000001000000000010011110000000000000010000000000101011100000000000000100000000001011111000000000000001000000000011001110000000000000010000000000110111100000000000000100000000001110111000000000000001000000000011111010000000000000000000000000000010100000000000000000000000000001101000000000000000000000000000101010000000000000000000000000001110100000000000000000000000000100101000000000000000000000000001011010000000000000000000000000011010100000000000000000000000000111 N
#4656
0"
#4660
0!
0E
#4664
1"
#4665
1!
1E
#4670
0!
0E
#4672
0"
#4675
1!
1E
b11100000000000000100000000001001111000000000000001000000000010101110000000000000010000000000101111100000000000000100000000001100111000000000000001000000000011011110000000000000010000000000111011100000000000000100000000001111101000000000000000000000000000001010000000000000000000000000000110100000000000000000000000000010101000000000000000000000000000111010000000000000000000000000010010100000000000000000000000000101101000000000000000000000000001101010000000000000000000000000011110100000000000000000000000001000 ,
b11100000000000000100000000001001111000000000000001000000000010101110000000000000010000000000101111100000000000000100000000001100111000000000000001000000000011011110000000000000010000000000111011100000000000000100000000001111101000000000000000000000000000001010000000000000000000000000000110100000000000000000000000000010101000000000000000000000000000111010000000000000000000000000010010100000000000000000000000000101101000000000000000000000000001101010000000000000000000000000011110100000000000000000000000001000 N
#4680
1"
0!
0E
#4685
1!
1E
b11100000000000000100000000001010111000000000000001000000000010111110000000000000010000000000110011100000000000000100000000001101111000000000000001000000000011101110000000000000010000000000111110100000000000000000000000000000101000000000000000000000000000011010000000000000000000000000001010100000000000000000000000000011101000000000000000000000000001001010000000000000000000000000010110100000000000000000000000000110101000000000000000000000000001111010000000000000000000000000100010100000000000000000000000001001 ,
b11100000000000000100000000001010111000000000000001000000000010111110000000000000010000000000110011100000000000000100000000001101111000000000000001000000000011101110000000000000010000000000111110100000000000000000000000000000101000000000000000000000000000011010000000000000000000000000001010100000000000000000000000000011101000000000000000000000000001001010000000000000000000000000010110100000000000000000000000000110101000000000000000000000000001111010000000000000000000000000100010100000000000000000000000001001 N
#4688
0"
#4690
0!
0E
#4695
1!
1E
#4696
1"
#4700
0!
0E
#4704
0"
#4705
1!
1E
b11100000000000000100000000001011111000000000000001000000000011001110000000000000010000000000110111100000000000000100000000001110111000000000000001000000000011111010000000000000000000000000000010100000000000000000000000000001101000000000000000000000000000101010000000000000000000000000001110100000000000000000000000000100101000000000000000000000000001011010000000000000000000000000011010100000000000000000000000000111101000000000000000000000000010001010000000000000000000000000100110100000000000000000000000001010 ,
b11100000000000000100000000001011111000000000000001000000000011001110000000000000010000000000110111100000000000000100000000001110111000000000000001000000000011111010000000000000000000000000000010100000000000000000000000000001101000000000000000000000000000101010000000000000000000000000001110100000000000000000000000000100101000000000000000000000000001011010000000000000000000000000011010100000000000000000000000000111101000000000000000000000000010001010000000000000000000000000100110100000000000000000000000001010 N
#4710
0!
0E
#4712
1"
#4715
1!
1E
#4720
0"
0!
0E
#4725
1!
1E
b11100000000000000100000000001100111000000000000001000000000011011110000000000000010000000000111011100000000000000100000000001111101000000000000000000000000000001010000000000000000000000000000110100000000000000000000000000010101000000000000000000000000000111010000000000000000000000000010010100000000000000000000000000101101000000000000000000000000001101010000000000000000000000000011110100000000000000000000000001000101000000000000000000000000010011010000000000000000000000000101010100000000000000000000000001011 ,
b11100000000000000100000000001100111000000000000001000000000011011110000000000000010000000000111011100000000000000100000000001111101000000000000000000000000000001010000000000000000000000000000110100000000000000000000000000010101000000000000000000000000000111010000000000000000000000000010010100000000000000000000000000101101000000000000000000000000001101010000000000000000000000000011110100000000000000000000000001000101000000000000000000000000010011010000000000000000000000000101010100000000000000000000000001011 N
#4728
1"
#4730
0!
0E
#4735
1!
1E
b11100000000000000100000000001101111000000000000001000000000011101110000000000000010000000000111110100000000000000000000000000000101000000000000000000000000000011010000000000000000000000000001010100000000000000000000000000011101000000000000000000000000001001010000000000000000000000000010110100000000000000000000000000110101000000000000000000000000001111010000000000000000000000000100010100000000000000000000000001001101000000000000000000000000010101010000000000000000000000000101110100000000000000000000000001100 ,
b11100000000000000100000000001101111000000000000001000000000011101110000000000000010000000000111110100000000000000000000000000000101000000000000000000000000000011010000000000000000000000000001010100000000000000000000000000011101000000000000000000000000001001010000000000000000000000000010110100000000000000000000000000110101000000000000000000000000001111010000000000000000000000000100010100000000000000000000000001001101000000000000000000000000010101010000000000000000000000000101110100000000000000000000000001100 N
#4736
0"
#4740
0!
0E
#4744
1"
13
#4745
1!
1E
#4750
0!
0E
#4752
0"
#4755
1!
1E
b11100000000000000100000000001110111000000000000001000000000011111010000000000000000000000000000010100000000000000000000000000001101000000000000000000000000000101010000000000000000000000000001110100000000000000000000000000100101000000000000000000000000001011010000000000000000000000000011010100000000000000000000000000111101000000000000000000000000010001010000000000000000000000000100110100000000000000000000000001010101000000000000000000000000010111010000000000000000000000000110010100000000000000000000000001101 ,
b11100000000000000100000000001110111000000000000001000000000011111010000000000000000000000000000010100000000000000000000000000001101000000000000000000000000000101010000000000000000000000000001110100000000000000000000000000100101000000000000000000000000001011010000000000000000000000000011010100000000000000000000000000111101000000000000000000000000010001010000000000000000000000000100110100000000000000000000000001010101000000000000000000000000010111010000000000000000000000000110010100000000000000000000000001101 N
#4760
1"
0!
0E
03
#4765
1!
1E
b11100000000000000100000000001111101000000000000000000000000000001010000000000000000000000000000110100000000000000000000000000010101000000000000000000000000000111010000000000000000000000000010010100000000000000000000000000101101000000000000000000000000001101010000000000000000000000000011110100000000000000000000000001000101000000000000000000000000010011010000000000000000000000000101010100000000000000000000000001011101000000000000000000000000011001010000000000000000000000000110110100000000000000000000000001110 ,
b11100000000000000100000000001111101000000000000000000000000000001010000000000000000000000000000110100000000000000000000000000010101000000000000000000000000000111010000000000000000000000000010010100000000000000000000000000101101000000000000000000000000001101010000000000000000000000000011110100000000000000000000000001000101000000000000000000000000010011010000000000000000000000000101010100000000000000000000000001011101000000000000000000000000011001010000000000000000000000000110110100000000000000000000000001110 N
#4768
0"
#4770
0!
0E
#4775
1!
1E
#4776
1"
#4780
0!
0E
#4784
0"
#4785
1!
1E
b10100000000000000000000000000000101000000000000000000000000000011010000000000000000000000000001010100000000000000000000000000011101000000000000000000000000001001010000000000000000000000000010110100000000000000000000000000110101000000000000000000000000001111010000000000000000000000000100010100000000000000000000000001001101000000000000000000000000010101010000000000000000000000000101110100000000000000000000000001100101000000000000000000000000011011010000000000000000000000000111010100000000000000000000000001111 ,
b10100000000000000000000000000000101000000000000000000000000000011010000000000000000000000000001010100000000000000000000000000011101000000000000000000000000001001010000000000000000000000000010110100000000000000000000000000110101000000000000000000000000001111010000000000000000000000000100010100000000000000000000000001001101000000000000000000000000010101010000000000000000000000000101110100000000000000000000000001100101000000000000000000000000011011010000000000000000000000000111010100000000000000000000000001111 N
#4790
0!
0E
#4792
1"
#4795
1!
1E
14
1H
b110 Q
#4800
0"
0!
0E
#4805
1!
1E
04
0H
b110 C
1-
b000 Q
b00000000000000 P
b00000000000000 0
b10100000000000000000000000000000101000000000000000000000000000011010000000000000000000000000001010100000000000000000000000000011101000000000000000000000000001001010000000000000000000000000010110100000000000000000000000000110101000000000000000000000000001111010000000000000000000000000100010100000000000000000000000001001101000000000000000000000000010101010000000000000000000000000101110100000000000000000000000001100101000000000000000000000000011011010000000000000000000000000111010100000000000000000000000001111 +
#4808
1"
#4810
0!
0E
#4815
1!
1E
b000 C
0-
b00000000000000000000000000000000000000000000000000000000000000000000000000000000000000000000000000000000000000000000000000000000000000000000000000000000000000000000000000000000000000000000000000000000000000000000000000000000000000000000000000000000000000000000000000000000000000000000000000000000000000000000000000000000000000000000000000000000000000000000000000000000000000000000000000000000000000000000000000000000000000000000000000000000000000000000000000000000000000000000000000000000000000000000000000000000 +
#4816
0"
#4820
0!
0E
#4824
1"
#4825
1!
1E
0D
0/
#4830
0!
0E
#4832
0"
#4835
1!
1E
#4840
1"
0!
0E
#4845
1!
1E
#4848
0"
#4850
0!
0E
#4855
1!
1E
#4856
1"
#4860
0!
0E
#4864
0"
#4865
1!
1E
#4870
0!
0E
#4872
1"
#4875
1!
1E
#4880
0"
0!
0E
#4885
1!
1E
b10100000000000000000000000000000101000000000000000000000000000011010000000000000000000000000001010100000000000000000000000000011101000000000000000000000000001001010000000000000000000000000010110100000000000000000000000000110101000000000000000000000000001111010000000000000000000000000100010100000000000000000000000001001101000000000000000000000000010101010000000000000000000000000101110100000000000000000000000001100101000000000000000000000000011011010000000000000000000000000111010100000000000000000000000001111 ?
b00000000000000000000000000001111 7
b10100000000000000000000000000000101000000000000000000000000000011010000000000000000000000000001010100000000000000000000000000011101000000000000000000000000001001010000000000000000000000000010110100000000000000000000000000110101000000000000000000000000001111010000000000000000000000000100010100000000000000000000000001001101000000000000000000000000010101010000000000000000000000000101110100000000000000000000000001100101000000000000000000000000011011010000000000000000000000000111010100000000000000000000000001111 @
b00000000000000000000000000010000 7
b00001000000000 (
b00001000000000 L
b00010000000000 )
b00010000000000 M
b11010000000000000011000000000000110100000000000000110000000000011101000000000000001100000000001011010000000000000011000000000011110100000000000000110000000001001101000000000000001100000000010111010000000000000011000000000110110100000000000000110000000001111101000000000000001100000000100011010000000000000011000000001001110100000000000000110000000010101101000000000000001100000000101111010000000000000011000000001100110100000000000000110000000011011101000000000000001100000000111011010000000000000011000000001111 *
b11010000000000000011000000000000110100000000000000110000000000011101000000000000001100000000001011010000000000000011000000000011110100000000000000110000000001001101000000000000001100000000010111010000000000000011000000000110110100000000000000110000000001111101000000000000001100000000100011010000000000000011000000001001110100000000000000110000000010101101000000000000001100000000101111010000000000000011000000001100110100000000000000110000000011011101000000000000001100000000111011010000000000000011000000001111 O
#4888
1"
#4890
0!
0E
#4895
1!
1E
1'
1K
b001 Q
1.
#4896
0"
#4900
0!
0E
#4904
1"
#4905
1!
1E
0'
0K
b000 Q
0.
b001 C
b010 Q
#4910
0!
0E
#4912
0"
#4915
1!
1E
b010 C
b011 Q
b00010000000000 P
b00010000000000 0
#4920
1"
0!
0E
#4925
1!
1E
b011 C
b11010000000000000011000000000000 1
#4928
0"
#4930
0!
0E
#4935
1!
1E
1D
b0001 R
1/
b11010000000000000011000000000001 1
#4936
1"
#4940
0!
0E
#4944
0"
#4945
1!
1E
b0010 R
b11010000000000000011000000000010 1
#4950
0!
0E
#4952
1"
05
#4955
1!
1E
b0011 R
b11010000000000000011000000000011 1
#4960
0"
0!
0E
#4965
1!
1E
b0100 R
b11010000000000000011000000000100 1
#4968
1"
#4970
0!
0E
#4975
1!
1E
b0101 R
b11010000000000000011000000000101 1
#4976
0"
#4980
0!
0E
#4984
1"
#4985
1!
1E
b0110 R
b11010000000000000011000000000110 1
#4990
0!
0E
#4992
0"
#4995
1!
1E
b0111 R
b11010000000000000011000000000111 1
#5000
1"
0!
0E
#5005
1!
1E
b1000 R
b11010000000000000011000000001000 1
#5008
0"
#5010
0!
0E
#5015
1!
1E
b1001 R
b11010000000000000011000000001001 1
#5016
1"
#5020
0!
0E
#5024
0"
#5025
1!
1E
b1010 R
b11010000000000000011000000001010 1
#5030
0!
0E
#5032
1"
#5035
1!
1E
b1011 R
b11010000000000000011000000001011 1
#5040
0"
0!
0E
#5045
1!
1E
b1100 R
b11010000000000000011000000001100 1
#5048
1"
#5050
0!
0E
#5055
1!
1E
b1101 R
b11010000000000000011000000001101 1
#5056
0"
#5060
0!
0E
#5064
1"
#5065
1!
1E
b1110 R
b11010000000000000011000000001110 1
#5070
0!
0E
#5072
0"
#5075
1!
1E
b1111 R
b100 Q
b11010000000000000011000000001111 1
#5080
1"
0!
0E
#5085
1!
1E
12
b0000 R
b100 C
b00000000000000000000000000000000 1
b00000000000000 P
b00000000000000 0
#5088
0"
#5090
0!
0E
#5095
1!
1E
02
#5096
1"
#5100
0!
0E
#5104
0"
#5105
1!
1E
#5110
0!
0E
#5112
1"
#5115
1!
1E
#5120
0"
0!
0E
#5125
1!
1E
#5128
1"
#5130
0!
0E
#5135
1!
1E
#5136
0"
#5140
0!
0E
#5144
1"
#5145
1!
1E
#5150
0!
0E
#5152
0"
#5155
1!
1E
#5160
1"
0!
0E
#5165
1!
1E
#5168
0"
#5170
0!
0E
#5175
1!
1E
#5176
1"
#5180
0!
0E
#5184
0"
#5185
1!
1E
#5190
0!
0E
#5192
1"
#5195
1!
1E
#5200
0"
0!
0E
#5205
1!
1E
#5208
1"
#5210
0!
0E
#5215
1!
1E
#5216
0"
#5220
0!
0E
#5224
1"
#5225
1!
1E
#5230
0!
0E
#5232
0"
#5235
1!
1E
#5240
1"
0!
0E
#5245
1!
1E
#5248
0"
#5250
0!
0E
#5255
1!
1E
#5256
1"
13
15
b001 Q
1.
#5260
0!
0E
#5264
0"
#5265
1!
1E
b001 C
b010 Q
0.
#5270
0!
0E
#5272
1"
03
#5275
1!
1E
b010 C
b101 Q
b00001000000000 P
b00001000000000 0
#5280
0"
0!
0E
#5285
1!
1E
12
b101 C
#5288
1"
#5290
0!
0E
#5295
1!
1E
02
#5296
0"
#5300
0!
0E
#5304
1"
05
#5305
1!
1E
#5310
0!
0E
#5312
0"
#5315
1!
1E
#5320
1"
0!
0E
#5325
1!
1E
#5328
0"
#5330
0!
0E
#5335
1!
1E
#5336
1"
#5340
0!
0E
#5344
0"
#5345
1!
1E
#5350
0!
0E
#5352
1"
15
#5355
1!
1E
#5360
0"
0!
0E
#5365
1!
1E
#5368
1"
#5370
0!
0E
#5375
1!
1E
#5376
0"
#5380
0!
0E
#5384
1"
#5385
1!
1E
#5390
0!
0E
#5392
0"
#5395
1!
1E
#5400
1"
0!
0E
#5405
1!
1E
#5408
0"
#5410
0!
0E
#5415
1!
1E
#5416
1"
#5420
0!
0E
#5424
0"
#5425
1!
1E
#5430
0!
0E
#5432
1"
#5435
1!
1E
b10100000000000000000000000000001101000000000000000000000000000101010000000000000000000000000001110100000000000000000000000000100101000000000000000000000000001011010000000000000000000000000011010100000000000000000000000000111101000000000000000000000000010001010000000000000000000000000100110100000000000000000000000001010101000000000000000000000000010111010000000000000000000000000110010100000000000000000000000001101101000000000000000000000000011101010000000000000000000000000111110110000000000000001000000000000 ,
b10100000000000000000000000000001101000000000000000000000000000101010000000000000000000000000001110100000000000000000000000000100101000000000000000000000000001011010000000000000000000000000011010100000000000000000000000000111101000000000000000000000000010001010000000000000000000000000100110100000000000000000000000001010101000000000000000000000000010111010000000000000000000000000110010100000000000000000000000001101101000000000000000000000000011101010000000000000000000000000111110110000000000000001000000000000 N
#5440
0"
0!
0E
#5445
1!
1E
b10100000000000000000000000000010101000000000000000000000000000111010000000000000000000000000010010100000000000000000000000000101101000000000000000000000000001101010000000000000000000000000011110100000000000000000000000001000101000000000000000000000000010011010000000000000000000000000101010100000000000000000000000001011101000000000000000000000000011001010000000000000000000000000110110100000000000000000000000001110101000000000000000000000000011111011000000000000000100000000000010110000000000000001000000000001 ,
b10100000000000000000000000000010101000000000000000000000000000111010000000000000000000000000010010100000000000000000000000000101101000000000000000000000000001101010000000000000000000000000011110100000000000000000000000001000101000000000000000000000000010011010000000000000000000000000101010100000000000000000000000001011101000000000000000000000000011001010000000000000000000000000110110100000000000000000000000001110101000000000000000000000000011111011000000000000000100000000000010110000000000000001000000000001 N
#5448
1"
#5450
0!
0E
#5455
1!
1E
b10100000000000000000000000000011101000000000000000000000000001001010000000000000000000000000010110100000000000000000000000000110101000000000000000000000000001111010000000000000000000000000100010100000000000000000000000001001101000000000000000000000000010101010000000000000000000000000101110100000000000000000000000001100101000000000000000000000000011011010000000000000000000000000111010100000000000000000000000001111101100000000000000010000000000001011000000000000000100000000000110110000000000000001000000000010 ,
b10100000000000000000000000000011101000000000000000000000000001001010000000000000000000000000010110100000000000000000000000000110101000000000000000000000000001111010000000000000000000000000100010100000000000000000000000001001101000000000000000000000000010101010000000000000000000000000101110100000000000000000000000001100101000000000000000000000000011011010000000000000000000000000111010100000000000000000000000001111101100000000000000010000000000001011000000000000000100000000000110110000000000000001000000000010 N
#5456
0"
#5460
0!
0E
#5464
1"
#5465
1!
1E
#5470
0!
0E
#5472
0"
#5475
1!
1E
b10100000000000000000000000000100101000000000000000000000000001011010000000000000000000000000011010100000000000000000000000000111101000000000000000000000000010001010000000000000000000000000100110100000000000000000000000001010101000000000000000000000000010111010000000000000000000000000110010100000000000000000000000001101101000000000000000000000000011101010000000000000000000000000111110110000000000000001000000000000101100000000000000010000000000011011000000000000000100000000001010110000000000000001000000000011 ,
b10100000000000000000000000000100101000000000000000000000000001011010000000000000000000000000011010100000000000000000000000000111101000000000000000000000000010001010000000000000000000000000100110100000000000000000000000001010101000000000000000000000000010111010000000000000000000000000110010100000000000000000000000001101101000000000000000000000000011101010000000000000000000000000111110110000000000000001000000000000101100000000000000010000000000011011000000000000000100000000001010110000000000000001000000000011 N
#5480
1"
0!
0E
#5485
1!
1E
b10100000000000000000000000000101101000000000000000000000000001101010000000000000000000000000011110100000000000000000000000001000101000000000000000000000000010011010000000000000000000000000101010100000000000000000000000001011101000000000000000000000000011001010000000000000000000000000110110100000000000000000000000001110101000000000000000000000000011111011000000000000000100000000000010110000000000000001000000000001101100000000000000010000000000101011000000000000000100000000001110110000000000000001000000000100 ,
b10100000000000000000000000000101101000000000000000000000000001101010000000000000000000000000011110100000000000000000000000001000101000000000000000000000000010011010000000000000000000000000101010100000000000000000000000001011101000000000000000000000000011001010000000000000000000000000110110100000000000000000000000001110101000000000000000000000000011111011000000000000000100000000000010110000000000000001000000000001101100000000000000010000000000101011000000000000000100000000001110110000000000000001000000000100 N
#5488
0"
#5490
0!
0E
#5495
1!
1E
#5496
1"
#5500
0!
0E
#5504
0"
#5505
1!
1E
b10100000000000000000000000000110101000000000000000000000000001111010000000000000000000000000100010100000000000000000000000001001101000000000000000000000000010101010000000000000000000000000101110100000000000000000000000001100101000000000000000000000000011011010000000000000000000000000111010100000000000000000000000001111101100000000000000010000000000001011000000000000000100000000000110110000000000000001000000000010101100000000000000010000000000111011000000000000000100000000010010110000000000000001000000000101 ,
b10100000000000000000000000000110101000000000000000000000000001111010000000000000000000000000100010100000000000000000000000001001101000000000000000000000000010101010000000000000000000000000101110100000000000000000000000001100101000000000000000000000000011011010000000000000000000000000111010100000000000000000000000001111101100000000000000010000000000001011000000000000000100000000000110110000000000000001000000000010101100000000000000010000000000111011000000000000000100000000010010110000000000000001000000000101 N
#5510
0!
0E
#5512
1"
#5515
1!
1E
#5520
0"
0!
0E
#5525
1!
1E
b10100000000000000000000000000111101000000000000000000000000010001010000000000000000000000000100110100000000000000000000000001010101000000000000000000000000010111010000000000000000000000000110010100000000000000000000000001101101000000000000000000000000011101010000000000000000000000000111110110000000000000001000000000000101100000000000000010000000000011011000000000000000100000000001010110000000000000001000000000011101100000000000000010000000001001011000000000000000100000000010110110000000000000001000000000110 ,
b10100000000000000000000000000111101000000000000000000000000010001010000000000000000000000000100110100000000000000000000000001010101000000000000000000000000010111010000000000000000000000000110010100000000000000000000000001101101000000000000000000000000011101010000000000000000000000000111110110000000000000001000000000000101100000000000000010000000000011011000000000000000100000000001010110000000000000001000000000011101100000000000000010000000001001011000000000000000100000000010110110000000000000001000000000110 N
#5528
1"
#5530
0!
0E
#5535
1!
1E
b10100000000000000000000000001000101000000000000000000000000010011010000000000000000000000000101010100000000000000000000000001011101000000000000000000000000011001010000000000000000000000000110110100000000000000000000000001110101000000000000000000000000011111011000000000000000100000000000010110000000000000001000000000001101100000000000000010000000000101011000000000000000100000000001110110000000000000001000000000100101100000000000000010000000001011011000000000000000100000000011010110000000000000001000000000111 ,
b10100000000000000000000000001000101000000000000000000000000010011010000000000000000000000000101010100000000000000000000000001011101000000000000000000000000011001010000000000000000000000000110110100000000000000000000000001110101000000000000000000000000011111011000000000000000100000000000010110000000000000001000000000001101100000000000000010000000000101011000000000000000100000000001110110000000000000001000000000100101100000000000000010000000001011011000000000000000100000000011010110000000000000001000000000111 N
#5536
0"
#5540
0!
0E
#5544
1"
#5545
1!
1E
#5550
0!
0E
#5552
0"
#5555
1!
1E
b10100000000000000000000000001001101000000000000000000000000010101010000000000000000000000000101110100000000000000000000000001100101000000000000000000000000011011010000000000000000000000000111010100000000000000000000000001111101100000000000000010000000000001011000000000000000100000000000110110000000000000001000000000010101100000000000000010000000000111011000000000000000100000000010010110000000000000001000000000101101100000000000000010000000001101011000000000000000100000000011110110000000000000001000000001000 ,
b10100000000000000000000000001001101000000000000000000000000010101010000000000000000000000000101110100000000000000000000000001100101000000000000000000000000011011010000000000000000000000000111010100000000000000000000000001111101100000000000000010000000000001011000000000000000100000000000110110000000000000001000000000010101100000000000000010000000000111011000000000000000100000000010010110000000000000001000000000101101100000000000000010000000001101011000000000000000100000000011110110000000000000001000000001000 N
#5560
1"
0!
0E
#5565
1!
1E
b10100000000000000000000000001010101000000000000000000000000010111010000000000000000000000000110010100000000000000000000000001101101000000000000000000000000011101010000000000000000000000000111110110000000000000001000000000000101100000000000000010000000000011011000000000000000100000000001010110000000000000001000000000011101100000000000000010000000001001011000000000000000100000000010110110000000000000001000000000110101100000000000000010000000001111011000000000000000100000000100010110000000000000001000000001001 ,
b10100000000000000000000000001010101000000000000000000000000010111010000000000000000000000000110010100000000000000000000000001101101000000000000000000000000011101010000000000000000000000000111110110000000000000001000000000000101100000000000000010000000000011011000000000000000100000000001010110000000000000001000000000011101100000000000000010000000001001011000000000000000100000000010110110000000000000001000000000110101100000000000000010000000001111011000000000000000100000000100010110000000000000001000000001001 N
#5568
0"
#5570
0!
0E
#5575
1!
1E
#5576
1"
#5580
0!
0E
#5584
0"
#5585
1!
1E
b10100000000000000000000000001011101000000000000000000000000011001010000000000000000000000000110110100000000000000000000000001110101000000000000000000000000011111011000000000000000100000000000010110000000000000001000000000001101100000000000000010000000000101011000000000000000100000000001110110000000000000001000000000100101100000000000000010000000001011011000000000000000100000000011010110000000000000001000000000111101100000000000000010000000010001011000000000000000100000000100110110000000000000001000000001010 ,
b10100000000000000000000000001011101000000000000000000000000011001010000000000000000000000000110110100000000000000000000000001110101000000000000000000000000011111011000000000000000100000000000010110000000000000001000000000001101100000000000000010000000000101011000000000000000100000000001110110000000000000001000000000100101100000000000000010000000001011011000000000000000100000000011010110000000000000001000000000111101100000000000000010000000010001011000000000000000100000000100110110000000000000001000000001010 N
#5590
0!
0E
#5592
1"
#5595
1!
1E
#5600
0"
0!
0E
#5605
1!
1E
b10100000000000000000000000001100101000000000000000000000000011011010000000000000000000000000111010100000000000000000000000001111101100000000000000010000000000001011000000000000000100000000000110110000000000000001000000000010101100000000000000010000000000111011000000000000000100000000010010110000000000000001000000000101101100000000000000010000000001101011000000000000000100000000011110110000000000000001000000001000101100000000000000010000000010011011000000000000000100000000101010110000000000000001000000001011 ,
b10100000000000000000000000001100101000000000000000000000000011011010000000000000000000000000111010100000000000000000000000001111101100000000000000010000000000001011000000000000000100000000000110110000000000000001000000000010101100000000000000010000000000111011000000000000000100000000010010110000000000000001000000000101101100000000000000010000000001101011000000000000000100000000011110110000000000000001000000001000101100000000000000010000000010011011000000000000000100000000101010110000000000000001000000001011 N
#5608
1"
#5610
0!
0E
#5615
1!
1E
b10100000000000000000000000001101101000000000000000000000000011101010000000000000000000000000111110110000000000000001000000000000101100000000000000010000000000011011000000000000000100000000001010110000000000000001000000000011101100000000000000010000000001001011000000000000000100000000010110110000000000000001000000000110101100000000000000010000000001111011000000000000000100000000100010110000000000000001000000001001101100000000000000010000000010101011000000000000000100000000101110110000000000000001000000001100 ,
b10100000000000000000000000001101101000000000000000000000000011101010000000000000000000000000111110110000000000000001000000000000101100000000000000010000000000011011000000000000000100000000001010110000000000000001000000000011101100000000000000010000000001001011000000000000000100000000010110110000000000000001000000000110101100000000000000010000000001111011000000000000000100000000100010110000000000000001000000001001101100000000000000010000000010101011000000000000000100000000101110110000000000000001000000001100 N
#5616
0"
#5620
0!
0E
#5624
1"
13
#5625
1!
1E
#5630
0!
0E
#5632
0"
#5635
1!
1E
b10100000000000000000000000001110101000000000000000000000000011111011000000000000000100000000000010110000000000000001000000000001101100000000000000010000000000101011000000000000000100000000001110110000000000000001000000000100101100000000000000010000000001011011000000000000000100000000011010110000000000000001000000000111101100000000000000010000000010001011000000000000000100000000100110110000000000000001000000001010101100000000000000010000000010111011000000000000000100000000110010110000000000000001000000001101 ,
b10100000000000000000000000001110101000000000000000000000000011111011000000000000000100000000000010110000000000000001000000000001101100000000000000010000000000101011000000000000000100000000001110110000000000000001000000000100101100000000000000010000000001011011000000000000000100000000011010110000000000000001000000000111101100000000000000010000000010001011000000000000000100000000100110110000000000000001000000001010101100000000000000010000000010111011000000000000000100000000110010110000000000000001000000001101 N
#5640
1"
0!
0E
03
#5645
1!
1E
b10100000000000000000000000001111101100000000000000010000000000001011000000000000000100000000000110110000000000000001000000000010101100000000000000010000000000111011000000000000000100000000010010110000000000000001000000000101101100000000000000010000000001101011000000000000000100000000011110110000000000000001000000001000101100000000000000010000000010011011000000000000000100000000101010110000000000000001000000001011101100000000000000010000000011001011000000000000000100000000110110110000000000000001000000001110 ,
b10100000000000000000000000001111101100000000000000010000000000001011000000000000000100000000000110110000000000000001000000000010101100000000000000010000000000111011000000000000000100000000010010110000000000000001000000000101101100000000000000010000000001101011000000000000000100000000011110110000000000000001000000001000101100000000000000010000000010011011000000000000000100000000101010110000000000000001000000001011101100000000000000010000000011001011000000000000000100000000110110110000000000000001000000001110 N
#5648
0"
#5650
0!
0E
#5655
1!
1E
#5656
1"
#5660
0!
0E
#5664
0"
#5665
1!
1E
b10110000000000000001000000000000101100000000000000010000000000011011000000000000000100000000001010110000000000000001000000000011101100000000000000010000000001001011000000000000000100000000010110110000000000000001000000000110101100000000000000010000000001111011000000000000000100000000100010110000000000000001000000001001101100000000000000010000000010101011000000000000000100000000101110110000000000000001000000001100101100000000000000010000000011011011000000000000000100000000111010110000000000000001000000001111 ,
b10110000000000000001000000000000101100000000000000010000000000011011000000000000000100000000001010110000000000000001000000000011101100000000000000010000000001001011000000000000000100000000010110110000000000000001000000000110101100000000000000010000000001111011000000000000000100000000100010110000000000000001000000001001101100000000000000010000000010101011000000000000000100000000101110110000000000000001000000001100101100000000000000010000000011011011000000000000000100000000111010110000000000000001000000001111 N
#5670
0!
0E
#5672
1"
#5675
1!
1E
14
1H
b110 Q
#5680
0"
0!
0E
#5685
1!
1E
04
0H
b110 C
1-
b000 Q
b00000000000000 P
b00000000000000 0
b10110000000000000001000000000000101100000000000000010000000000011011000000000000000100000000001010110000000000000001000000000011101100000000000000010000000001001011000000000000000100000000010110110000000000000001000000000110101100000000000000010000000001111011000000000000000100000000100010110000000000000001000000001001101100000000000000010000000010101011000000000000000100000000101110110000000000000001000000001100101100000000000000010000000011011011000000000000000100000000111010110000000000000001000000001111 +
#5688
1"
#5690
0!
0E
#5695
1!
1E
b000 C
0-
b00000000000000000000000000000000000000000000000000000000000000000000000000000000000000000000000000000000000000000000000000000000000000000000000000000000000000000000000000000000000000000000000000000000000000000000000000000000000000000000000000000000000000000000000000000000000000000000000000000000000000000000000000000000000000000000000000000000000000000000000000000000000000000000000000000000000000000000000000000000000000000000000000000000000000000000000000000000000000000000000000000000000000000000000000000000 +
#5696
0"
#5700
0!
0E
#5704
1"
#5705
1!
1E
0D
0/
#5710
0!
0E
#5712
0"
#5715
1!
1E
#5720
1"
0!
0E
#5725
1!
1E
#5728
0"
#5730
0!
0E
#5735
1!
1E
#5736
1"
#5740
0!
0E
#5744
0"
#5745
1!
1E
#5750
0!
0E
#5752
1"
#5755
1!
1E
#5760
0"
0!
0E
#5765
1!
1E
b10110000000000000001000000000000101100000000000000010000000000011011000000000000000100000000001010110000000000000001000000000011101100000000000000010000000001001011000000000000000100000000010110110000000000000001000000000110101100000000000000010000000001111011000000000000000100000000100010110000000000000001000000001001101100000000000000010000000010101011000000000000000100000000101110110000000000000001000000001100101100000000000000010000000011011011000000000000000100000000111010110000000000000001000000001111 ?
b00000000000000000000000000010001 7
b00001100000000 (
b00001100000000 L
b00100000000000 )
b00100000000000 M
b11100000000000000100000000000000111000000000000001000000000000011110000000000000010000000000001011100000000000000100000000000011111000000000000001000000000001001110000000000000010000000000010111100000000000000100000000000110111000000000000001000000000001111110000000000000010000000000100011100000000000000100000000001001111000000000000001000000000010101110000000000000010000000000101111100000000000000100000000001100111000000000000001000000000011011110000000000000010000000000111011100000000000000100000000001111 *
b11100000000000000100000000000000111000000000000001000000000000011110000000000000010000000000001011100000000000000100000000000011111000000000000001000000000001001110000000000000010000000000010111100000000000000100000000000110111000000000000001000000000001111110000000000000010000000000100011100000000000000100000000001001111000000000000001000000000010101110000000000000010000000000101111100000000000000100000000001100111000000000000001000000000011011110000000000000010000000000111011100000000000000100000000001111 O
#5768
1"
#5770
0!
0E
#5775
1!
1E
1'
1K
b001 Q
1.
#5776
0"
#5780
0!
0E
#5784
1"
#5785
1!
1E
0'
0K
b000 Q
0.
b001 C
b010 Q
#5790
0!
0E
#5792
0"
#5795
1!
1E
b010 C
b011 Q
b00100000000000 P
b00100000000000 0
#5800
1"
0!
0E
#5805
1!
1E
b011 C
b11100000000000000100000000000000 1
#5808
0"
#5810
0!
0E
#5815
1!
1E
1D
b0001 R
1/
b11100000000000000100000000000001 1
#5816
1"
#5820
0!
0E
#5824
0"
#5825
1!
1E
b0010 R
b11100000000000000100000000000010 1
#5830
0!
0E
#5832
1"
05
#5835
1!
1E
b0011 R
b11100000000000000100000000000011 1
#5840
0"
0!
0E
#5845
1!
1E
b0100 R
b11100000000000000100000000000100 1
#5848
1"
#5850
0!
0E
#5855
1!
1E
b0101 R
b11100000000000000100000000000101 1
#5856
0"
#5860
0!
0E
#5864
1"
#5865
1!
1E
b0110 R
b11100000000000000100000000000110 1
#5870
0!
0E
#5872
0"
#5875
1!
1E
b0111 R
b11100000000000000100000000000111 1
#5880
1"
0!
0E
#5885
1!
1E
b1000 R
b11100000000000000100000000001000 1
#5888
0"
#5890
0!
0E
#5895
1!
1E
b1001 R
b11100000000000000100000000001001 1
#5896
1"
#5900
0!
0E
#5904
0"
#5905
1!
1E
b1010 R
b11100000000000000100000000001010 1
#5910
0!
0E
#5912
1"
#5915
1!
1E
b1011 R
b11100000000000000100000000001011 1
#5920
0"
0!
0E
#5925
1!
1E
b1100 R
b11100000000000000100000000001100 1
#5928
1"
#5930
0!
0E
#5935
1!
1E
b1101 R
b11100000000000000100000000001101 1
#5936
0"
#5940
0!
0E
#5944
1"
#5945
1!
1E
b1110 R
b11100000000000000100000000001110 1
#5950
0!
0E
#5952
0"
#5955
1!
1E
b1111 R
b100 Q
b11100000000000000100000000001111 1
#5960
1"
0!
0E
#5965
1!
1E
12
b0000 R
b100 C
b00000000000000000000000000000000 1
b00000000000000 P
b00000000000000 0
#5968
0"
#5970
0!
0E
#5975
1!
1E
02
#5976
1"
#5980
0!
0E
#5984
0"
#5985
1!
1E
#5990
0!
0E
#5992
1"
#5995
1!
1E
#6000
0"
0!
0E
#6005
1!
1E
#6008
1"
#6010
0!
0E
#6015
1!
1E
#6016
0"
#6020
0!
0E
#6024
1"
#6025
1!
1E
#6030
0!
0E
#6032
0"
#6035
1!
1E
#6040
1"
0!
0E
#6045
1!
1E
#6048
0"
#6050
0!
0E
#6055
1!
1E
#6056
1"
#6060
0!
0E
#6064
0"
#6065
1!
1E
#6070
0!
0E
#6072
1"
#6075
1!
1E
#6080
0"
0!
0E
#6085
1!
1E
#6088
1"
#6090
0!
0E
#6095
1!
1E
#6096
0"
#6100
0!
0E
#6104
1"
#6105
1!
1E
#6110
0!
0E
#6112
0"
#6115
1!
1E
#6120
1"
0!
0E
#6125
1!
1E
#6128
0"
#6130
0!
0E
#6135
1!
1E
#6136
1"
13
15
b001 Q
1.
#6140
0!
0E
#6144
0"
#6145
1!
1E
b001 C
b010 Q
0.
#6150
0!
0E
#6152
1"
03
#6155
1!
1E
b010 C
b101 Q
b00001100000000 P
b00001100000000 0
#6160
0"
0!
0E
#6165
1!
1E
12
b101 C
#6168
1"
#6170
0!
0E
#6175
1!
1E
02
#6176
0"
#6180
0!
0E
#6184
1"
05
#6185
1!
1E
#6190
0!
0E
#6192
0"
#6195
1!
1E
#6200
1"
0!
0E
#6205
1!
1E
#6208
0"
#6210
0!
0E
#6215
1!
1E
#6216
1"
#6220
0!
0E
#6224
0"
#6225
1!
1E
#6230
0!
0E
#6232
1"
15
#6235
1!
1E
#6240
0"
0!
0E
#6245
1!
1E
#6248
1"
#6250
0!
0E
#6255
1!
1E
#6256
0"
#6260
0!
0E
#6264
1"
#6265
1!
1E
#6270
0!
0E
#6272
0"
#6275
1!
1E
#6280
1"
0!
0E
#6285
1!
1E
#6288
0"
#6290
0!
0E
#6295
1!
1E
#6296
1"
#6300
0!
0E
#6304
0"
#6305
1!
1E
#6310
0!
0E
#6312
1"
#6315
1!
1E
b10110000000000000001000000000001101100000000000000010000000000101011000000000000000100000000001110110000000000000001000000000100101100000000000000010000000001011011000000000000000100000000011010110000000000000001000000000111101100000000000000010000000010001011000000000000000100000000100110110000000000000001000000001010101100000000000000010000000010111011000000000000000100000000110010110000000000000001000000001101101100000000000000010000000011101011000000000000000100000000111111000000000000000010000000000000 ,
b10110000000000000001000000000001101100000000000000010000000000101011000000000000000100000000001110110000000000000001000000000100101100000000000000010000000001011011000000000000000100000000011010110000000000000001000000000111101100000000000000010000000010001011000000000000000100000000100110110000000000000001000000001010101100000000000000010000000010111011000000000000000100000000110010110000000000000001000000001101101100000000000000010000000011101011000000000000000100000000111111000000000000000010000000000000 N
#6320
0"
0!
0E
#6325
1!
1E
b10110000000000000001000000000010101100000000000000010000000000111011000000000000000100000000010010110000000000000001000000000101101100000000000000010000000001101011000000000000000100000000011110110000000000000001000000001000101100000000000000010000000010011011000000000000000100000000101010110000000000000001000000001011101100000000000000010000000011001011000000000000000100000000110110110000000000000001000000001110101100000000000000010000000011111100000000000000001000000000000011000000000000000010000000000001 ,
b10110000000000000001000000000010101100000000000000010000000000111011000000000000000100000000010010110000000000000001000000000101101100000000000000010000000001101011000000000000000100000000011110110000000000000001000000001000101100000000000000010000000010011011000000000000000100000000101010110000000000000001000000001011101100000000000000010000000011001011000000000000000100000000110110110000000000000001000000001110101100000000000000010000000011111100000000000000001000000000000011000000000000000010000000000001 N
#6328
1"
#6330
0!
0E
#6335
1!
1E
b10110000000000000001000000000011101100000000000000010000000001001011000000000000000100000000010110110000000000000001000000000110101100000000000000010000000001111011000000000000000100000000100010110000000000000001000000001001101100000000000000010000000010101011000000000000000100000000101110110000000000000001000000001100101100000000000000010000000011011011000000000000000100000000111010110000000000000001000000001111110000000000000000100000000000001100000000000000001000000000000111000000000000000010000000000010 ,
b10110000000000000001000000000011101100000000000000010000000001001011000000000000000100000000010110110000000000000001000000000110101100000000000000010000000001111011000000000000000100000000100010110000000000000001000000001001101100000000000000010000000010101011000000000000000100000000101110110000000000000001000000001100101100000000000000010000000011011011000000000000000100000000111010110000000000000001000000001111110000000000000000100000000000001100000000000000001000000000000111000000000000000010000000000010 N
#6336
0"
#6340
0!
0E
#6344
1"
#6345
1!
1E
#6350
0!
0E
#6352
0"
#6355
1!
1E
b10110000000000000001000000000100101100000000000000010000000001011011000000000000000100000000011010110000000000000001000000000111101100000000000000010000000010001011000000000000000100000000100110110000000000000001000000001010101100000000000000010000000010111011000000000000000100000000110010110000000000000001000000001101101100000000000000010000000011101011000000000000000100000000111111000000000000000010000000000000110000000000000000100000000000011100000000000000001000000000001011000000000000000010000000000011 ,
b10110000000000000001000000000100101100000000000000010000000001011011000000000000000100000000011010110000000000000001000000000111101100000000000000010000000010001011000000000000000100000000100110110000000000000001000000001010101100000000000000010000000010111011000000000000000100000000110010110000000000000001000000001101101100000000000000010000000011101011000000000000000100000000111111000000000000000010000000000000110000000000000000100000000000011100000000000000001000000000001011000000000000000010000000000011 N
#6360
1"
0!
0E
#6365
1!
1E
b10110000000000000001000000000101101100000000000000010000000001101011000000000000000100000000011110110000000000000001000000001000101100000000000000010000000010011011000000000000000100000000101010110000000000000001000000001011101100000000000000010000000011001011000000000000000100000000110110110000000000000001000000001110101100000000000000010000000011111100000000000000001000000000000011000000000000000010000000000001110000000000000000100000000000101100000000000000001000000000001111000000000000000010000000000100 ,
b10110000000000000001000000000101101100000000000000010000000001101011000000000000000100000000011110110000000000000001000000001000101100000000000000010000000010011011000000000000000100000000101010110000000000000001000000001011101100000000000000010000000011001011000000000000000100000000110110110000000000000001000000001110101100000000000000010000000011111100000000000000001000000000000011000000000000000010000000000001110000000000000000100000000000101100000000000000001000000000001111000000000000000010000000000100 N
#6368
0"
#6370
0!
0E
#6375
1!
1E
#6376
1"
#6380
0!
0E
#6384
0"
#6385
1!
1E
b10110000000000000001000000000110101100000000000000010000000001111011000000000000000100000000100010110000000000000001000000001001101100000000000000010000000010101011000000000000000100000000101110110000000000000001000000001100101100000000000000010000000011011011000000000000000100000000111010110000000000000001000000001111110000000000000000100000000000001100000000000000001000000000000111000000000000000010000000000010110000000000000000100000000000111100000000000000001000000000010011000000000000000010000000000101 ,
b10110000000000000001000000000110101100000000000000010000000001111011000000000000000100000000100010110000000000000001000000001001101100000000000000010000000010101011000000000000000100000000101110110000000000000001000000001100101100000000000000010000000011011011000000000000000100000000111010110000000000000001000000001111110000000000000000100000000000001100000000000000001000000000000111000000000000000010000000000010110000000000000000100000000000111100000000000000001000000000010011000000000000000010000000000101 N
#6390
0!
0E
#6392
1"
#6395
1!
1E
#6400
0"
0!
0E
#6405
1!
1E
b10110000000000000001000000000111101100000000000000010000000010001011000000000000000100000000100110110000000000000001000000001010101100000000000000010000000010111011000000000000000100000000110010110000000000000001000000001101101100000000000000010000000011101011000000000000000100000000111111000000000000000010000000000000110000000000000000100000000000011100000000000000001000000000001011000000000000000010000000000011110000000000000000100000000001001100000000000000001000000000010111000000000000000010000000000110 ,
b10110000000000000001000000000111101100000000000000010000000010001011000000000000000100000000100110110000000000000001000000001010101100000000000000010000000010111011000000000000000100000000110010110000000000000001000000001101101100000000000000010000000011101011000000000000000100000000111111000000000000000010000000000000110000000000000000100000000000011100000000000000001000000000001011000000000000000010000000000011110000000000000000100000000001001100000000000000001000000000010111000000000000000010000000000110 N
#6408
1"
#6410
0!
0E
#6415
1!
1E
b10110000000000000001000000001000101100000000000000010000000010011011000000000000000100000000101010110000000000000001000000001011101100000000000000010000000011001011000000000000000100000000110110110000000000000001000000001110101100000000000000010000000011111100000000000000001000000000000011000000000000000010000000000001110000000000000000100000000000101100000000000000001000000000001111000000000000000010000000000100110000000000000000100000000001011100000000000000001000000000011011000000000000000010000000000111 ,
b10110000000000000001000000001000101100000000000000010000000010011011000000000000000100000000101010110000000000000001000000001011101100000000000000010000000011001011000000000000000100000000110110110000000000000001000000001110101100000000000000010000000011111100000000000000001000000000000011000000000000000010000000000001110000000000000000100000000000101100000000000000001000000000001111000000000000000010000000000100110000000000000000100000000001011100000000000000001000000000011011000000000000000010000000000111 N
#6416
0"
#6420
0!
0E
#6424
1"
#6425
1!
1E
#6430
0!
0E
#6432
0"
#6435
1!
1E
b10110000000000000001000000001001101100000000000000010000000010101011000000000000000100000000101110110000000000000001000000001100101100000000000000010000000011011011000000000000000100000000111010110000000000000001000000001111110000000000000000100000000000001100000000000000001000000000000111000000000000000010000000000010110000000000000000100000000000111100000000000000001000000000010011000000000000000010000000000101110000000000000000100000000001101100000000000000001000000000011111000000000000000010000000001000 ,
b10110000000000000001000000001001101100000000000000010000000010101011000000000000000100000000101110110000000000000001000000001100101100000000000000010000000011011011000000000000000100000000111010110000000000000001000000001111110000000000000000100000000000001100000000000000001000000000000111000000000000000010000000000010110000000000000000100000000000111100000000000000001000000000010011000000000000000010000000000101110000000000000000100000000001101100000000000000001000000000011111000000000000000010000000001000 N
#6440
1"
0!
0E
#6445
1!
1E
b10110000000000000001000000001010101100000000000000010000000010111011000000000000000100000000110010110000000000000001000000001101101100000000000000010000000011101011000000000000000100000000111111000000000000000010000000000000110000000000000000100000000000011100000000000000001000000000001011000000000000000010000000000011110000000000000000100000000001001100000000000000001000000000010111000000000000000010000000000110110000000000000000100000000001111100000000000000001000000000100011000000000000000010000000001001 ,
b10110000000000000001000000001010101100000000000000010000000010111011000000000000000100000000110010110000000000000001000000001101101100000000000000010000000011101011000000000000000100000000111111000000000000000010000000000000110000000000000000100000000000011100000000000000001000000000001011000000000000000010000000000011110000000000000000100000000001001100000000000000001000000000010111000000000000000010000000000110110000000000000000100000000001111100000000000000001000000000100011000000000000000010000000001001 N
#6448
0"
#6450
0!
0E
#6455
1!
1E
#6456
1"
#6460
0!
0E
#6464
0"
#6465
1!
1E
b10110000000000000001000000001011101100000000000000010000000011001011000000000000000100000000110110110000000000000001000000001110101100000000000000010000000011111100000000000000001000000000000011000000000000000010000000000001110000000000000000100000000000101100000000000000001000000000001111000000000000000010000000000100110000000000000000100000000001011100000000000000001000000000011011000000000000000010000000000111110000000000000000100000000010001100000000000000001000000000100111000000000000000010000000001010 ,
b10110000000000000001000000001011101100000000000000010000000011001011000000000000000100000000110110110000000000000001000000001110101100000000000000010000000011111100000000000000001000000000000011000000000000000010000000000001110000000000000000100000000000101100000000000000001000000000001111000000000000000010000000000100110000000000000000100000000001011100000000000000001000000000011011000000000000000010000000000111110000000000000000100000000010001100000000000000001000000000100111000000000000000010000000001010 N
#6470
0!
0E
#6472
1"
#6475
1!
1E
#6480
0"
0!
0E
#6485
1!
1E
b10110000000000000001000000001100101100000000000000010000000011011011000000000000000100000000111010110000000000000001000000001111110000000000000000100000000000001100000000000000001000000000000111000000000000000010000000000010110000000000000000100000000000111100000000000000001000000000010011000000000000000010000000000101110000000000000000100000000001101100000000000000001000000000011111000000000000000010000000001000110000000000000000100000000010011100000000000000001000000000101011000000000000000010000000001011 ,
b10110000000000000001000000001100101100000000000000010000000011011011000000000000000100000000111010110000000000000001000000001111110000000000000000100000000000001100000000000000001000000000000111000000000000000010000000000010110000000000000000100000000000111100000000000000001000000000010011000000000000000010000000000101110000000000000000100000000001101100000000000000001000000000011111000000000000000010000000001000110000000000000000100000000010011100000000000000001000000000101011000000000000000010000000001011 N
#6488
1"
#6490
0!
0E
#6495
1!
1E
b10110000000000000001000000001101101100000000000000010000000011101011000000000000000100000000111111000000000000000010000000000000110000000000000000100000000000011100000000000000001000000000001011000000000000000010000000000011110000000000000000100000000001001100000000000000001000000000010111000000000000000010000000000110110000000000000000100000000001111100000000000000001000000000100011000000000000000010000000001001110000000000000000100000000010101100000000000000001000000000101111000000000000000010000000001100 ,
b10110000000000000001000000001101101100000000000000010000000011101011000000000000000100000000111111000000000000000010000000000000110000000000000000100000000000011100000000000000001000000000001011000000000000000010000000000011110000000000000000100000000001001100000000000000001000000000010111000000000000000010000000000110110000000000000000100000000001111100000000000000001000000000100011000000000000000010000000001001110000000000000000100000000010101100000000000000001000000000101111000000000000000010000000001100 N
#6496
0"
#6500
0!
0E
#6504
1"
13
#6505
1!
1E
#6510
0!
0E
#6512
0"
#6515
1!
1E
b10110000000000000001000000001110101100000000000000010000000011111100000000000000001000000000000011000000000000000010000000000001110000000000000000100000000000101100000000000000001000000000001111000000000000000010000000000100110000000000000000100000000001011100000000000000001000000000011011000000000000000010000000000111110000000000000000100000000010001100000000000000001000000000100111000000000000000010000000001010110000000000000000100000000010111100000000000000001000000000110011000000000000000010000000001101 ,
b10110000000000000001000000001110101100000000000000010000000011111100000000000000001000000000000011000000000000000010000000000001110000000000000000100000000000101100000000000000001000000000001111000000000000000010000000000100110000000000000000100000000001011100000000000000001000000000011011000000000000000010000000000111110000000000000000100000000010001100000000000000001000000000100111000000000000000010000000001010110000000000000000100000000010111100000000000000001000000000110011000000000000000010000000001101 N
#6520
1"
0!
0E
03
#6525
1!
1E
b10110000000000000001000000001111110000000000000000100000000000001100000000000000001000000000000111000000000000000010000000000010110000000000000000100000000000111100000000000000001000000000010011000000000000000010000000000101110000000000000000100000000001101100000000000000001000000000011111000000000000000010000000001000110000000000000000100000000010011100000000000000001000000000101011000000000000000010000000001011110000000000000000100000000011001100000000000000001000000000110111000000000000000010000000001110 ,
b10110000000000000001000000001111110000000000000000100000000000001100000000000000001000000000000111000000000000000010000000000010110000000000000000100000000000111100000000000000001000000000010011000000000000000010000000000101110000000000000000100000000001101100000000000000001000000000011111000000000000000010000000001000110000000000000000100000000010011100000000000000001000000000101011000000000000000010000000001011110000000000000000100000000011001100000000000000001000000000110111000000000000000010000000001110 N
#6528
0"
#6530
0!
0E
#6535
1!
1E
#6536
1"
#6540
0!
0E
#6544
0"
#6545
1!
1E
b11000000000000000010000000000000110000000000000000100000000000011100000000000000001000000000001011000000000000000010000000000011110000000000000000100000000001001100000000000000001000000000010111000000000000000010000000000110110000000000000000100000000001111100000000000000001000000000100011000000000000000010000000001001110000000000000000100000000010101100000000000000001000000000101111000000000000000010000000001100110000000000000000100000000011011100000000000000001000000000111011000000000000000010000000001111 ,
b11000000000000000010000000000000110000000000000000100000000000011100000000000000001000000000001011000000000000000010000000000011110000000000000000100000000001001100000000000000001000000000010111000000000000000010000000000110110000000000000000100000000001111100000000000000001000000000100011000000000000000010000000001001110000000000000000100000000010101100000000000000001000000000101111000000000000000010000000001100110000000000000000100000000011011100000000000000001000000000111011000000000000000010000000001111 N
#6550
0!
0E
#6552
1"
#6555
1!
1E
14
1H
b110 Q
#6560
0"
0!
0E
#6565
1!
1E
04
0H
b110 C
1-
b000 Q
b00000000000000 P
b00000000000000 0
b11000000000000000010000000000000110000000000000000100000000000011100000000000000001000000000001011000000000000000010000000000011110000000000000000100000000001001100000000000000001000000000010111000000000000000010000000000110110000000000000000100000000001111100000000000000001000000000100011000000000000000010000000001001110000000000000000100000000010101100000000000000001000000000101111000000000000000010000000001100110000000000000000100000000011011100000000000000001000000000111011000000000000000010000000001111 +
#6568
1"
#6570
0!
0E
#6575
1!
1E
b000 C
0-
b00000000000000000000000000000000000000000000000000000000000000000000000000000000000000000000000000000000000000000000000000000000000000000000000000000000000000000000000000000000000000000000000000000000000000000000000000000000000000000000000000000000000000000000000000000000000000000000000000000000000000000000000000000000000000000000000000000000000000000000000000000000000000000000000000000000000000000000000000000000000000000000000000000000000000000000000000000000000000000000000000000000000000000000000000000000 +
#6576
0"
#6580
0!
0E
#6584
1"
#6585
1!
1E
0D
0/
#6590
0!
0E
#6592
0"
#6595
1!
1E
#6600
1"
0!
0E
#6605
1!
1E
#6608
0"
#6610
0!
0E
#6615
1!
1E
#6616
1"
#6620
0!
0E
#6624
0"
#6625
1!
1E
#6630
0!
0E
#6632
1"
#6635
1!
1E
#6640
0"
0!
0E
#6645
1!
1E
b11000000000000000010000000000000110000000000000000100000000000011100000000000000001000000000001011000000000000000010000000000011110000000000000000100000000001001100000000000000001000000000010111000000000000000010000000000110110000000000000000100000000001111100000000000000001000000000100011000000000000000010000000001001110000000000000000100000000010101100000000000000001000000000101111000000000000000010000000001100110000000000000000100000000011011100000000000000001000000000111011000000000000000010000000001111 ?
b00000000000000000000000000010010 7
b11010000000000000011000000000000110100000000000000110000000000011101000000000000001100000000001011010000000000000011000000000011110100000000000000110000000001001101000000000000001100000000010111010000000000000011000000000110110100000000000000110000000001111101000000000000001100000000100011010000000000000011000000001001110100000000000000110000000010101101000000000000001100000000101111010000000000000011000000001100110100000000000000110000000011011101000000000000001100000000111011010000000000000011000000001111 @
b00000000000000000000000000010011 7
b11100000000000000100000000000000111000000000000001000000000000011110000000000000010000000000001011100000000000000100000000000011111000000000000001000000000001001110000000000000010000000000010111100000000000000100000000000110111000000000000001000000000001111110000000000000010000000000100011100000000000000100000000001001111000000000000001000000000010101110000000000000010000000000101111100000000000000100000000001100111000000000000001000000000011011110000000000000010000000000111011100000000000000100000000001111 @
b00000000000000000000000000010100 7
b00010000000000 (
b00010000000000 L
b00010100000000 )
b00010100000000 M
0%
0I
0&
0J
b00000000000000000000000000000000000000000000000000000000000000000000000000000000000000000000000000000000000000000000000000000000000000000000000000000000000000000000000000000000000000000000000000000000000000000000000000000000000000000000000000000000000000000000000000000000000000000000000000000000000000000000000000000000000000000000000000000000000000000000000000000000000000000000000000000000000000000000000000000000000000000000000000000000000000000000000000000000000000000000000000000000000000000000000000000000 *
b00000000000000000000000000000000000000000000000000000000000000000000000000000000000000000000000000000000000000000000000000000000000000000000000000000000000000000000000000000000000000000000000000000000000000000000000000000000000000000000000000000000000000000000000000000000000000000000000000000000000000000000000000000000000000000000000000000000000000000000000000000000000000000000000000000000000000000000000000000000000000000000000000000000000000000000000000000000000000000000000000000000000000000000000000000000 O
1/
#6648
1"
#6650
0!
0E
#6655
1!
1E
1'
1K
b001 Q
1.
#6656
0"
#6660
0!
0E
#6664
1"
#6665
1!
1E
0'
0K
b000 Q
0.
b001 C
b010 Q
#6670
0!
0E
#6672
0"
#6675
1!
1E
b010 C
b101 Q
b00010000000000 P
b00010000000000 0
#6680
1"
0!
0E
#6685
1!
1E
12
b101 C
#6688
0"
#6690
0!
0E
#6695
1!
1E
02
#6696
1"
#6700
0!
0E
#6704
0"
#6705
1!
1E
#6710
0!
0E
#6712
1"
05
#6715
1!
1E
#6720
0"
0!
0E
#6725
1!
1E
#6728
1"
#6730
0!
0E
#6735
1!
1E
#6736
0"
#6740
0!
0E
#6744
1"
#6745
1!
1E
#6750
0!
0E
#6752
0"
#6755
1!
1E
#6760
1"
0!
0E
15
#6765
1!
1E
#6768
0"
#6770
0!
0E
#6775
1!
1E
#6776
1"
#6780
0!
0E
#6784
0"
#6785
1!
1E
#6790
0!
0E
#6792
1"
#6795
1!
1E
#6800
0"
0!
0E
#6805
1!
1E
#6808
1"
#6810
0!
0E
#6815
1!
1E
#6816
0"
#6820
0!
0E
#6824
1"
#6825
1!
1E
#6830
0!
0E
#6832
0"
#6835
1!
1E
#6840
1"
0!
0E
#6845
1!
1E
b11000000000000000010000000000001110000000000000000100000000000101100000000000000001000000000001111000000000000000010000000000100110000000000000000100000000001011100000000000000001000000000011011000000000000000010000000000111110000000000000000100000000010001100000000000000001000000000100111000000000000000010000000001010110000000000000000100000000010111100000000000000001000000000110011000000000000000010000000001101110000000000000000100000000011101100000000000000001000000000111111010000000000000011000000000000 ,
b11000000000000000010000000000001110000000000000000100000000000101100000000000000001000000000001111000000000000000010000000000100110000000000000000100000000001011100000000000000001000000000011011000000000000000010000000000111110000000000000000100000000010001100000000000000001000000000100111000000000000000010000000001010110000000000000000100000000010111100000000000000001000000000110011000000000000000010000000001101110000000000000000100000000011101100000000000000001000000000111111010000000000000011000000000000 N
#6848
0"
#6850
0!
0E
#6855
1!
1E
b11000000000000000010000000000010110000000000000000100000000000111100000000000000001000000000010011000000000000000010000000000101110000000000000000100000000001101100000000000000001000000000011111000000000000000010000000001000110000000000000000100000000010011100000000000000001000000000101011000000000000000010000000001011110000000000000000100000000011001100000000000000001000000000110111000000000000000010000000001110110000000000000000100000000011111101000000000000001100000000000011010000000000000011000000000001 ,
b11000000000000000010000000000010110000000000000000100000000000111100000000000000001000000000010011000000000000000010000000000101110000000000000000100000000001101100000000000000001000000000011111000000000000000010000000001000110000000000000000100000000010011100000000000000001000000000101011000000000000000010000000001011110000000000000000100000000011001100000000000000001000000000110111000000000000000010000000001110110000000000000000100000000011111101000000000000001100000000000011010000000000000011000000000001 N
#6856
1"
#6860
0!
0E
#6864
0"
#6865
1!
1E
b11000000000000000010000000000011110000000000000000100000000001001100000000000000001000000000010111000000000000000010000000000110110000000000000000100000000001111100000000000000001000000000100011000000000000000010000000001001110000000000000000100000000010101100000000000000001000000000101111000000000000000010000000001100110000000000000000100000000011011100000000000000001000000000111011000000000000000010000000001111110100000000000000110000000000001101000000000000001100000000000111010000000000000011000000000010 ,
b11000000000000000010000000000011110000000000000000100000000001001100000000000000001000000000010111000000000000000010000000000110110000000000000000100000000001111100000000000000001000000000100011000000000000000010000000001001110000000000000000100000000010101100000000000000001000000000101111000000000000000010000000001100110000000000000000100000000011011100000000000000001000000000111011000000000000000010000000001111110100000000000000110000000000001101000000000000001100000000000111010000000000000011000000000010 N
#6870
0!
0E
#6872
1"
#6875
1!
1E
#6880
0"
0!
0E
#6885
1!
1E
b11000000000000000010000000000100110000000000000000100000000001011100000000000000001000000000011011000000000000000010000000000111110000000000000000100000000010001100000000000000001000000000100111000000000000000010000000001010110000000000000000100000000010111100000000000000001000000000110011000000000000000010000000001101110000000000000000100000000011101100000000000000001000000000111111010000000000000011000000000000110100000000000000110000000000011101000000000000001100000000001011010000000000000011000000000011 ,
b11000000000000000010000000000100110000000000000000100000000001011100000000000000001000000000011011000000000000000010000000000111110000000000000000100000000010001100000000000000001000000000100111000000000000000010000000001010110000000000000000100000000010111100000000000000001000000000110011000000000000000010000000001101110000000000000000100000000011101100000000000000001000000000111111010000000000000011000000000000110100000000000000110000000000011101000000000000001100000000001011010000000000000011000000000011 N
#6888
1"
#6890
0!
0E
#6895
1!
1E
b11000000000000000010000000000101110000000000000000100000000001101100000000000000001000000000011111000000000000000010000000001000110000000000000000100000000010011100000000000000001000000000101011000000000000000010000000001011110000000000000000100000000011001100000000000000001000000000110111000000000000000010000000001110110000000000000000100000000011111101000000000000001100000000000011010000000000000011000000000001110100000000000000110000000000101101000000000000001100000000001111010000000000000011000000000100 ,
b11000000000000000010000000000101110000000000000000100000000001101100000000000000001000000000011111000000000000000010000000001000110000000000000000100000000010011100000000000000001000000000101011000000000000000010000000001011110000000000000000100000000011001100000000000000001000000000110111000000000000000010000000001110110000000000000000100000000011111101000000000000001100000000000011010000000000000011000000000001110100000000000000110000000000101101000000000000001100000000001111010000000000000011000000000100 N
#6896
0"
#6900
0!
0E
#6904
1"
#6905
1!
1E
#6910
0!
0E
#6912
0"
#6915
1!
1E
b11000000000000000010000000000110110000000000000000100000000001111100000000000000001000000000100011000000000000000010000000001001110000000000000000100000000010101100000000000000001000000000101111000000000000000010000000001100110000000000000000100000000011011100000000000000001000000000111011000000000000000010000000001111110100000000000000110000000000001101000000000000001100000000000111010000000000000011000000000010110100000000000000110000000000111101000000000000001100000000010011010000000000000011000000000101 ,
b11000000000000000010000000000110110000000000000000100000000001111100000000000000001000000000100011000000000000000010000000001001110000000000000000100000000010101100000000000000001000000000101111000000000000000010000000001100110000000000000000100000000011011100000000000000001000000000111011000000000000000010000000001111110100000000000000110000000000001101000000000000001100000000000111010000000000000011000000000010110100000000000000110000000000111101000000000000001100000000010011010000000000000011000000000101 N
#6920
1"
0!
0E
#6925
1!
1E
b11000000000000000010000000000111110000000000000000100000000010001100000000000000001000000000100111000000000000000010000000001010110000000000000000100000000010111100000000000000001000000000110011000000000000000010000000001101110000000000000000100000000011101100000000000000001000000000111111010000000000000011000000000000110100000000000000110000000000011101000000000000001100000000001011010000000000000011000000000011110100000000000000110000000001001101000000000000001100000000010111010000000000000011000000000110 ,
b11000000000000000010000000000111110000000000000000100000000010001100000000000000001000000000100111000000000000000010000000001010110000000000000000100000000010111100000000000000001000000000110011000000000000000010000000001101110000000000000000100000000011101100000000000000001000000000111111010000000000000011000000000000110100000000000000110000000000011101000000000000001100000000001011010000000000000011000000000011110100000000000000110000000001001101000000000000001100000000010111010000000000000011000000000110 N
#6928
0"
#6930
0!
0E
#6935
1!
1E
#6936
1"
#6940
0!
0E
#6944
0"
#6945
1!
1E
b11000000000000000010000000001000110000000000000000100000000010011100000000000000001000000000101011000000000000000010000000001011110000000000000000100000000011001100000000000000001000000000110111000000000000000010000000001110110000000000000000100000000011111101000000000000001100000000000011010000000000000011000000000001110100000000000000110000000000101101000000000000001100000000001111010000000000000011000000000100110100000000000000110000000001011101000000000000001100000000011011010000000000000011000000000111 ,
b11000000000000000010000000001000110000000000000000100000000010011100000000000000001000000000101011000000000000000010000000001011110000000000000000100000000011001100000000000000001000000000110111000000000000000010000000001110110000000000000000100000000011111101000000000000001100000000000011010000000000000011000000000001110100000000000000110000000000101101000000000000001100000000001111010000000000000011000000000100110100000000000000110000000001011101000000000000001100000000011011010000000000000011000000000111 N
#6950
0!
0E
#6952
1"
#6955
1!
1E
#6960
0"
0!
0E
#6965
1!
1E
b11000000000000000010000000001001110000000000000000100000000010101100000000000000001000000000101111000000000000000010000000001100110000000000000000100000000011011100000000000000001000000000111011000000000000000010000000001111110100000000000000110000000000001101000000000000001100000000000111010000000000000011000000000010110100000000000000110000000000111101000000000000001100000000010011010000000000000011000000000101110100000000000000110000000001101101000000000000001100000000011111010000000000000011000000001000 ,
b11000000000000000010000000001001110000000000000000100000000010101100000000000000001000000000101111000000000000000010000000001100110000000000000000100000000011011100000000000000001000000000111011000000000000000010000000001111110100000000000000110000000000001101000000000000001100000000000111010000000000000011000000000010110100000000000000110000000000111101000000000000001100000000010011010000000000000011000000000101110100000000000000110000000001101101000000000000001100000000011111010000000000000011000000001000 N
#6968
1"
#6970
0!
0E
#6975
1!
1E
b11000000000000000010000000001010110000000000000000100000000010111100000000000000001000000000110011000000000000000010000000001101110000000000000000100000000011101100000000000000001000000000111111010000000000000011000000000000110100000000000000110000000000011101000000000000001100000000001011010000000000000011000000000011110100000000000000110000000001001101000000000000001100000000010111010000000000000011000000000110110100000000000000110000000001111101000000000000001100000000100011010000000000000011000000001001 ,
b11000000000000000010000000001010110000000000000000100000000010111100000000000000001000000000110011000000000000000010000000001101110000000000000000100000000011101100000000000000001000000000111111010000000000000011000000000000110100000000000000110000000000011101000000000000001100000000001011010000000000000011000000000011110100000000000000110000000001001101000000000000001100000000010111010000000000000011000000000110110100000000000000110000000001111101000000000000001100000000100011010000000000000011000000001001 N
#6976
0"
#6980
0!
0E
#6984
1"
#6985
1!
1E
#6990
0!
0E
#6992
0"
#6995
1!
1E
b11000000000000000010000000001011110000000000000000100000000011001100000000000000001000000000110111000000000000000010000000001110110000000000000000100000000011111101000000000000001100000000000011010000000000000011000000000001110100000000000000110000000000101101000000000000001100000000001111010000000000000011000000000100110100000000000000110000000001011101000000000000001100000000011011010000000000000011000000000111110100000000000000110000000010001101000000000000001100000000100111010000000000000011000000001010 ,
b11000000000000000010000000001011110000000000000000100000000011001100000000000000001000000000110111000000000000000010000000001110110000000000000000100000000011111101000000000000001100000000000011010000000000000011000000000001110100000000000000110000000000101101000000000000001100000000001111010000000000000011000000000100110100000000000000110000000001011101000000000000001100000000011011010000000000000011000000000111110100000000000000110000000010001101000000000000001100000000100111010000000000000011000000001010 N
#7000
1"
0!
0E
#7005
1!
1E
b11000000000000000010000000001100110000000000000000100000000011011100000000000000001000000000111011000000000000000010000000001111110100000000000000110000000000001101000000000000001100000000000111010000000000000011000000000010110100000000000000110000000000111101000000000000001100000000010011010000000000000011000000000101110100000000000000110000000001101101000000000000001100000000011111010000000000000011000000001000110100000000000000110000000010011101000000000000001100000000101011010000000000000011000000001011 ,
b11000000000000000010000000001100110000000000000000100000000011011100000000000000001000000000111011000000000000000010000000001111110100000000000000110000000000001101000000000000001100000000000111010000000000000011000000000010110100000000000000110000000000111101000000000000001100000000010011010000000000000011000000000101110100000000000000110000000001101101000000000000001100000000011111010000000000000011000000001000110100000000000000110000000010011101000000000000001100000000101011010000000000000011000000001011 N
#7008
0"
#7010
0!
0E
#7015
1!
1E
#7016
1"
#7020
0!
0E
#7024
0"
#7025
1!
1E
b11000000000000000010000000001101110000000000000000100000000011101100000000000000001000000000111111010000000000000011000000000000110100000000000000110000000000011101000000000000001100000000001011010000000000000011000000000011110100000000000000110000000001001101000000000000001100000000010111010000000000000011000000000110110100000000000000110000000001111101000000000000001100000000100011010000000000000011000000001001110100000000000000110000000010101101000000000000001100000000101111010000000000000011000000001100 ,
b11000000000000000010000000001101110000000000000000100000000011101100000000000000001000000000111111010000000000000011000000000000110100000000000000110000000000011101000000000000001100000000001011010000000000000011000000000011110100000000000000110000000001001101000000000000001100000000010111010000000000000011000000000110110100000000000000110000000001111101000000000000001100000000100011010000000000000011000000001001110100000000000000110000000010101101000000000000001100000000101111010000000000000011000000001100 N
#7030
0!
0E
#7032
1"
13
#7035
1!
1E
#7040
0"
0!
0E
#7045
1!
1E
b11000000000000000010000000001110110000000000000000100000000011111101000000000000001100000000000011010000000000000011000000000001110100000000000000110000000000101101000000000000001100000000001111010000000000000011000000000100110100000000000000110000000001011101000000000000001100000000011011010000000000000011000000000111110100000000000000110000000010001101000000000000001100000000100111010000000000000011000000001010110100000000000000110000000010111101000000000000001100000000110011010000000000000011000000001101 ,
b11000000000000000010000000001110110000000000000000100000000011111101000000000000001100000000000011010000000000000011000000000001110100000000000000110000000000101101000000000000001100000000001111010000000000000011000000000100110100000000000000110000000001011101000000000000001100000000011011010000000000000011000000000111110100000000000000110000000010001101000000000000001100000000100111010000000000000011000000001010110100000000000000110000000010111101000000000000001100000000110011010000000000000011000000001101 N
#7048
1"
03
#7050
0!
0E
#7055
1!
1E
b11000000000000000010000000001111110100000000000000110000000000001101000000000000001100000000000111010000000000000011000000000010110100000000000000110000000000111101000000000000001100000000010011010000000000000011000000000101110100000000000000110000000001101101000000000000001100000000011111010000000000000011000000001000110100000000000000110000000010011101000000000000001100000000101011010000000000000011000000001011110100000000000000110000000011001101000000000000001100000000110111010000000000000011000000001110 ,
b11000000000000000010000000001111110100000000000000110000000000001101000000000000001100000000000111010000000000000011000000000010110100000000000000110000000000111101000000000000001100000000010011010000000000000011000000000101110100000000000000110000000001101101000000000000001100000000011111010000000000000011000000001000110100000000000000110000000010011101000000000000001100000000101011010000000000000011000000001011110100000000000000110000000011001101000000000000001100000000110111010000000000000011000000001110 N
#7056
0"
#7060
0!
0E
#7064
1"
#7065
1!
1E
#7070
0!
0E
#7072
0"
#7075
1!
1E
b11010000000000000011000000000000110100000000000000110000000000011101000000000000001100000000001011010000000000000011000000000011110100000000000000110000000001001101000000000000001100000000010111010000000000000011000000000110110100000000000000110000000001111101000000000000001100000000100011010000000000000011000000001001110100000000000000110000000010101101000000000000001100000000101111010000000000000011000000001100110100000000000000110000000011011101000000000000001100000000111011010000000000000011000000001111 ,
b11010000000000000011000000000000110100000000000000110000000000011101000000000000001100000000001011010000000000000011000000000011110100000000000000110000000001001101000000000000001100000000010111010000000000000011000000000110110100000000000000110000000001111101000000000000001100000000100011010000000000000011000000001001110100000000000000110000000010101101000000000000001100000000101111010000000000000011000000001100110100000000000000110000000011011101000000000000001100000000111011010000000000000011000000001111 N
#7080
1"
0!
0E
#7085
1!
1E
14
1H
b110 Q
#7088
0"
#7090
0!
0E
#7095
1!
1E
04
0H
b110 C
1-
b000 Q
b00000000000000 P
b00000000000000 0
b11010000000000000011000000000000110100000000000000110000000000011101000000000000001100000000001011010000000000000011000000000011110100000000000000110000000001001101000000000000001100000000010111010000000000000011000000000110110100000000000000110000000001111101000000000000001100000000100011010000000000000011000000001001110100000000000000110000000010101101000000000000001100000000101111010000000000000011000000001100110100000000000000110000000011011101000000000000001100000000111011010000000000000011000000001111 +
#7096
1"
#7100
0!
0E
#7104
0"
#7105
1!
1E
b000 C
0-
b00000000000000000000000000000000000000000000000000000000000000000000000000000000000000000000000000000000000000000000000000000000000000000000000000000000000000000000000000000000000000000000000000000000000000000000000000000000000000000000000000000000000000000000000000000000000000000000000000000000000000000000000000000000000000000000000000000000000000000000000000000000000000000000000000000000000000000000000000000000000000000000000000000000000000000000000000000000000000000000000000000000000000000000000000000000 +
#7110
0!
0E
#7112
1"
#7115
1!
1E
#7120
0"
0!
0E
#7125
1!
1E
#7128
1"
#7130
0!
0E
#7135
1!
1E
#7136
0"
#7140
0!
0E
#7144
1"
#7145
1!
1E
#7150
0!
0E
#7152
0"
#7155
1!
1E
#7160
1"
0!
0E
#7165
1!
1E
#7168
0"
#7170
0!
0E
#7175
1!
1E
b11010000000000000011000000000000110100000000000000110000000000011101000000000000001100000000001011010000000000000011000000000011110100000000000000110000000001001101000000000000001100000000010111010000000000000011000000000110110100000000000000110000000001111101000000000000001100000000100011010000000000000011000000001001110100000000000000110000000010101101000000000000001100000000101111010000000000000011000000001100110100000000000000110000000011011101000000000000001100000000111011010000000000000011000000001111 ?
b00000000000000000000000000010101 7
b00100000000000 (
b00100000000000 L
#7176
1"
#7180
0!
0E
#7184
0"
#7185
1!
1E
1'
1K
b001 Q
1.
#7190
0!
0E
#7192
1"
#7195
1!
1E
0'
0K
b000 Q
0.
b001 C
b010 Q
#7200
0"
0!
0E
#7205
1!
1E
b010 C
b101 Q
b00100000000000 P
b00100000000000 0
#7208
1"
#7210
0!
0E
#7215
1!
1E
12
b101 C
#7216
0"
#7220
0!
0E
#7224
1"
#7225
1!
1E
02
#7230
0!
0E
#7232
0"
#7235
1!
1E
#7240
1"
0!
0E
05
#7245
1!
1E
#7248
0"
#7250
0!
0E
#7255
1!
1E
#7256
1"
#7260
0!
0E
#7264
0"
#7265
1!
1E
#7270
0!
0E
#7272
1"
#7275
1!
1E
#7280
0"
0!
0E
#7285
1!
1E
#7288
1"
15
#7290
0!
0E
#7295
1!
1E
#7296
0"
#7300
0!
0E
#7304
1"
#7305
1!
1E
#7310
0!
0E
#7312
0"
#7315
1!
1E
#7320
1"
0!
0E
#7325
1!
1E
#7328
0"
#7330
0!
0E
#7335
1!
1E
#7336
1"
#7340
0!
0E
#7344
0"
#7345
1!
1E
#7350
0!
0E
#7352
1"
#7355
1!
1E
#7360
0"
0!
0E
#7365
1!
1E
#7368
1"
#7370
0!
0E
#7375
1!
1E
b11010000000000000011000000000001110100000000000000110000000000101101000000000000001100000000001111010000000000000011000000000100110100000000000000110000000001011101000000000000001100000000011011010000000000000011000000000111110100000000000000110000000010001101000000000000001100000000100111010000000000000011000000001010110100000000000000110000000010111101000000000000001100000000110011010000000000000011000000001101110100000000000000110000000011101101000000000000001100000000111111100000000000000100000000000000 ,
b11010000000000000011000000000001110100000000000000110000000000101101000000000000001100000000001111010000000000000011000000000100110100000000000000110000000001011101000000000000001100000000011011010000000000000011000000000111110100000000000000110000000010001101000000000000001100000000100111010000000000000011000000001010110100000000000000110000000010111101000000000000001100000000110011010000000000000011000000001101110100000000000000110000000011101101000000000000001100000000111111100000000000000100000000000000 N
#7376
0"
#7380
0!
0E
#7384
1"
#7385
1!
1E
b11010000000000000011000000000010110100000000000000110000000000111101000000000000001100000000010011010000000000000011000000000101110100000000000000110000000001101101000000000000001100000000011111010000000000000011000000001000110100000000000000110000000010011101000000000000001100000000101011010000000000000011000000001011110100000000000000110000000011001101000000000000001100000000110111010000000000000011000000001110110100000000000000110000000011111110000000000000010000000000000011100000000000000100000000000001 ,
b11010000000000000011000000000010110100000000000000110000000000111101000000000000001100000000010011010000000000000011000000000101110100000000000000110000000001101101000000000000001100000000011111010000000000000011000000001000110100000000000000110000000010011101000000000000001100000000101011010000000000000011000000001011110100000000000000110000000011001101000000000000001100000000110111010000000000000011000000001110110100000000000000110000000011111110000000000000010000000000000011100000000000000100000000000001 N
#7390
0!
0E
#7392
0"
#7395
1!
1E
b11010000000000000011000000000011110100000000000000110000000001001101000000000000001100000000010111010000000000000011000000000110110100000000000000110000000001111101000000000000001100000000100011010000000000000011000000001001110100000000000000110000000010101101000000000000001100000000101111010000000000000011000000001100110100000000000000110000000011011101000000000000001100000000111011010000000000000011000000001111111000000000000001000000000000001110000000000000010000000000000111100000000000000100000000000010 ,
b11010000000000000011000000000011110100000000000000110000000001001101000000000000001100000000010111010000000000000011000000000110110100000000000000110000000001111101000000000000001100000000100011010000000000000011000000001001110100000000000000110000000010101101000000000000001100000000101111010000000000000011000000001100110100000000000000110000000011011101000000000000001100000000111011010000000000000011000000001111111000000000000001000000000000001110000000000000010000000000000111100000000000000100000000000010 N
#7400
1"
0!
0E
#7405
1!
1E
b11010000000000000011000000000100110100000000000000110000000001011101000000000000001100000000011011010000000000000011000000000111110100000000000000110000000010001101000000000000001100000000100111010000000000000011000000001010110100000000000000110000000010111101000000000000001100000000110011010000000000000011000000001101110100000000000000110000000011101101000000000000001100000000111111100000000000000100000000000000111000000000000001000000000000011110000000000000010000000000001011100000000000000100000000000011 ,
b11010000000000000011000000000100110100000000000000110000000001011101000000000000001100000000011011010000000000000011000000000111110100000000000000110000000010001101000000000000001100000000100111010000000000000011000000001010110100000000000000110000000010111101000000000000001100000000110011010000000000000011000000001101110100000000000000110000000011101101000000000000001100000000111111100000000000000100000000000000111000000000000001000000000000011110000000000000010000000000001011100000000000000100000000000011 N
#7408
0"
#7410
0!
0E
#7415
1!
1E
#7416
1"
#7420
0!
0E
#7424
0"
#7425
1!
1E
b11010000000000000011000000000101110100000000000000110000000001101101000000000000001100000000011111010000000000000011000000001000110100000000000000110000000010011101000000000000001100000000101011010000000000000011000000001011110100000000000000110000000011001101000000000000001100000000110111010000000000000011000000001110110100000000000000110000000011111110000000000000010000000000000011100000000000000100000000000001111000000000000001000000000000101110000000000000010000000000001111100000000000000100000000000100 ,
b11010000000000000011000000000101110100000000000000110000000001101101000000000000001100000000011111010000000000000011000000001000110100000000000000110000000010011101000000000000001100000000101011010000000000000011000000001011110100000000000000110000000011001101000000000000001100000000110111010000000000000011000000001110110100000000000000110000000011111110000000000000010000000000000011100000000000000100000000000001111000000000000001000000000000101110000000000000010000000000001111100000000000000100000000000100 N
#7430
0!
0E
#7432
1"
#7435
1!
1E
#7440
0"
0!
0E
#7445
1!
1E
b11010000000000000011000000000110110100000000000000110000000001111101000000000000001100000000100011010000000000000011000000001001110100000000000000110000000010101101000000000000001100000000101111010000000000000011000000001100110100000000000000110000000011011101000000000000001100000000111011010000000000000011000000001111111000000000000001000000000000001110000000000000010000000000000111100000000000000100000000000010111000000000000001000000000000111110000000000000010000000000010011100000000000000100000000000101 ,
b11010000000000000011000000000110110100000000000000110000000001111101000000000000001100000000100011010000000000000011000000001001110100000000000000110000000010101101000000000000001100000000101111010000000000000011000000001100110100000000000000110000000011011101000000000000001100000000111011010000000000000011000000001111111000000000000001000000000000001110000000000000010000000000000111100000000000000100000000000010111000000000000001000000000000111110000000000000010000000000010011100000000000000100000000000101 N
#7448
1"
#7450
0!
0E
#7455
1!
1E
b11010000000000000011000000000111110100000000000000110000000010001101000000000000001100000000100111010000000000000011000000001010110100000000000000110000000010111101000000000000001100000000110011010000000000000011000000001101110100000000000000110000000011101101000000000000001100000000111111100000000000000100000000000000111000000000000001000000000000011110000000000000010000000000001011100000000000000100000000000011111000000000000001000000000001001110000000000000010000000000010111100000000000000100000000000110 ,
b11010000000000000011000000000111110100000000000000110000000010001101000000000000001100000000100111010000000000000011000000001010110100000000000000110000000010111101000000000000001100000000110011010000000000000011000000001101110100000000000000110000000011101101000000000000001100000000111111100000000000000100000000000000111000000000000001000000000000011110000000000000010000000000001011100000000000000100000000000011111000000000000001000000000001001110000000000000010000000000010111100000000000000100000000000110 N
#7456
0"
#7460
0!
0E
#7464
1"
#7465
1!
1E
#7470
0!
0E
#7472
0"
#7475
1!
1E
b11010000000000000011000000001000110100000000000000110000000010011101000000000000001100000000101011010000000000000011000000001011110100000000000000110000000011001101000000000000001100000000110111010000000000000011000000001110110100000000000000110000000011111110000000000000010000000000000011100000000000000100000000000001111000000000000001000000000000101110000000000000010000000000001111100000000000000100000000000100111000000000000001000000000001011110000000000000010000000000011011100000000000000100000000000111 ,
b11010000000000000011000000001000110100000000000000110000000010011101000000000000001100000000101011010000000000000011000000001011110100000000000000110000000011001101000000000000001100000000110111010000000000000011000000001110110100000000000000110000000011111110000000000000010000000000000011100000000000000100000000000001111000000000000001000000000000101110000000000000010000000000001111100000000000000100000000000100111000000000000001000000000001011110000000000000010000000000011011100000000000000100000000000111 N
#7480
1"
0!
0E
#7485
1!
1E
b11010000000000000011000000001001110100000000000000110000000010101101000000000000001100000000101111010000000000000011000000001100110100000000000000110000000011011101000000000000001100000000111011010000000000000011000000001111111000000000000001000000000000001110000000000000010000000000000111100000000000000100000000000010111000000000000001000000000000111110000000000000010000000000010011100000000000000100000000000101111000000000000001000000000001101110000000000000010000000000011111100000000000000100000000001000 ,
b11010000000000000011000000001001110100000000000000110000000010101101000000000000001100000000101111010000000000000011000000001100110100000000000000110000000011011101000000000000001100000000111011010000000000000011000000001111111000000000000001000000000000001110000000000000010000000000000111100000000000000100000000000010111000000000000001000000000000111110000000000000010000000000010011100000000000000100000000000101111000000000000001000000000001101110000000000000010000000000011111100000000000000100000000001000 N
#7488
0"
#7490
0!
0E
#7495
1!
1E
#7496
1"
#7500
0!
0E
#7504
0"
#7505
1!
1E
b11010000000000000011000000001010110100000000000000110000000010111101000000000000001100000000110011010000000000000011000000001101110100000000000000110000000011101101000000000000001100000000111111100000000000000100000000000000111000000000000001000000000000011110000000000000010000000000001011100000000000000100000000000011111000000000000001000000000001001110000000000000010000000000010111100000000000000100000000000110111000000000000001000000000001111110000000000000010000000000100011100000000000000100000000001001 ,
b11010000000000000011000000001010110100000000000000110000000010111101000000000000001100000000110011010000000000000011000000001101110100000000000000110000000011101101000000000000001100000000111111100000000000000100000000000000111000000000000001000000000000011110000000000000010000000000001011100000000000000100000000000011111000000000000001000000000001001110000000000000010000000000010111100000000000000100000000000110111000000000000001000000000001111110000000000000010000000000100011100000000000000100000000001001 N
#7510
0!
0E
#7512
1"
#7515
1!
1E
#7520
0"
0!
0E
#7525
1!
1E
b11010000000000000011000000001011110100000000000000110000000011001101000000000000001100000000110111010000000000000011000000001110110100000000000000110000000011111110000000000000010000000000000011100000000000000100000000000001111000000000000001000000000000101110000000000000010000000000001111100000000000000100000000000100111000000000000001000000000001011110000000000000010000000000011011100000000000000100000000000111111000000000000001000000000010001110000000000000010000000000100111100000000000000100000000001010 ,
b11010000000000000011000000001011110100000000000000110000000011001101000000000000001100000000110111010000000000000011000000001110110100000000000000110000000011111110000000000000010000000000000011100000000000000100000000000001111000000000000001000000000000101110000000000000010000000000001111100000000000000100000000000100111000000000000001000000000001011110000000000000010000000000011011100000000000000100000000000111111000000000000001000000000010001110000000000000010000000000100111100000000000000100000000001010 N
#7528
1"
#7530
0!
0E
#7535
1!
1E
b11010000000000000011000000001100110100000000000000110000000011011101000000000000001100000000111011010000000000000011000000001111111000000000000001000000000000001110000000000000010000000000000111100000000000000100000000000010111000000000000001000000000000111110000000000000010000000000010011100000000000000100000000000101111000000000000001000000000001101110000000000000010000000000011111100000000000000100000000001000111000000000000001000000000010011110000000000000010000000000101011100000000000000100000000001011 ,
b11010000000000000011000000001100110100000000000000110000000011011101000000000000001100000000111011010000000000000011000000001111111000000000000001000000000000001110000000000000010000000000000111100000000000000100000000000010111000000000000001000000000000111110000000000000010000000000010011100000000000000100000000000101111000000000000001000000000001101110000000000000010000000000011111100000000000000100000000001000111000000000000001000000000010011110000000000000010000000000101011100000000000000100000000001011 N
#7536
0"
#7540
0!
0E
#7544
1"
#7545
1!
1E
#7550
0!
0E
#7552
0"
#7555
1!
1E
b11010000000000000011000000001101110100000000000000110000000011101101000000000000001100000000111111100000000000000100000000000000111000000000000001000000000000011110000000000000010000000000001011100000000000000100000000000011111000000000000001000000000001001110000000000000010000000000010111100000000000000100000000000110111000000000000001000000000001111110000000000000010000000000100011100000000000000100000000001001111000000000000001000000000010101110000000000000010000000000101111100000000000000100000000001100 ,
b11010000000000000011000000001101110100000000000000110000000011101101000000000000001100000000111111100000000000000100000000000000111000000000000001000000000000011110000000000000010000000000001011100000000000000100000000000011111000000000000001000000000001001110000000000000010000000000010111100000000000000100000000000110111000000000000001000000000001111110000000000000010000000000100011100000000000000100000000001001111000000000000001000000000010101110000000000000010000000000101111100000000000000100000000001100 N
#7560
1"
0!
0E
13
#7565
1!
1E
b11010000000000000011000000001110110100000000000000110000000011111110000000000000010000000000000011100000000000000100000000000001111000000000000001000000000000101110000000000000010000000000001111100000000000000100000000000100111000000000000001000000000001011110000000000000010000000000011011100000000000000100000000000111111000000000000001000000000010001110000000000000010000000000100111100000000000000100000000001010111000000000000001000000000010111110000000000000010000000000110011100000000000000100000000001101 ,
b11010000000000000011000000001110110100000000000000110000000011111110000000000000010000000000000011100000000000000100000000000001111000000000000001000000000000101110000000000000010000000000001111100000000000000100000000000100111000000000000001000000000001011110000000000000010000000000011011100000000000000100000000000111111000000000000001000000000010001110000000000000010000000000100111100000000000000100000000001010111000000000000001000000000010111110000000000000010000000000110011100000000000000100000000001101 N
#7568
0"
#7570
0!
0E
#7575
1!
1E
#7576
1"
03
#7580
0!
0E
#7584
0"
#7585
1!
1E
b11010000000000000011000000001111111000000000000001000000000000001110000000000000010000000000000111100000000000000100000000000010111000000000000001000000000000111110000000000000010000000000010011100000000000000100000000000101111000000000000001000000000001101110000000000000010000000000011111100000000000000100000000001000111000000000000001000000000010011110000000000000010000000000101011100000000000000100000000001011111000000000000001000000000011001110000000000000010000000000110111100000000000000100000000001110 ,
b11010000000000000011000000001111111000000000000001000000000000001110000000000000010000000000000111100000000000000100000000000010111000000000000001000000000000111110000000000000010000000000010011100000000000000100000000000101111000000000000001000000000001101110000000000000010000000000011111100000000000000100000000001000111000000000000001000000000010011110000000000000010000000000101011100000000000000100000000001011111000000000000001000000000011001110000000000000010000000000110111100000000000000100000000001110 N
#7590
0!
0E
#7592
1"
#7595
1!
1E
#7600
0"
0!
0E
#7605
1!
1E
b11100000000000000100000000000000111000000000000001000000000000011110000000000000010000000000001011100000000000000100000000000011111000000000000001000000000001001110000000000000010000000000010111100000000000000100000000000110111000000000000001000000000001111110000000000000010000000000100011100000000000000100000000001001111000000000000001000000000010101110000000000000010000000000101111100000000000000100000000001100111000000000000001000000000011011110000000000000010000000000111011100000000000000100000000001111 ,
b11100000000000000100000000000000111000000000000001000000000000011110000000000000010000000000001011100000000000000100000000000011111000000000000001000000000001001110000000000000010000000000010111100000000000000100000000000110111000000000000001000000000001111110000000000000010000000000100011100000000000000100000000001001111000000000000001000000000010101110000000000000010000000000101111100000000000000100000000001100111000000000000001000000000011011110000000000000010000000000111011100000000000000100000000001111 N
#7608
1"
#7610
0!
0E
#7615
1!
1E
14
1H
b110 Q
#7616
0"
#7620
0!
0E
#7624
1"
#7625
1!
1E
04
0H
b110 C
1-
b000 Q
b00000000000000 P
b00000000000000 0
b11100000000000000100000000000000111000000000000001000000000000011110000000000000010000000000001011100000000000000100000000000011111000000000000001000000000001001110000000000000010000000000010111100000000000000100000000000110111000000000000001000000000001111110000000000000010000000000100011100000000000000100000000001001111000000000000001000000000010101110000000000000010000000000101111100000000000000100000000001100111000000000000001000000000011011110000000000000010000000000111011100000000000000100000000001111 +
#7630
0!
0E
#7632
0"
#7635
1!
1E
b000 C
0-
b00000000000000000000000000000000000000000000000000000000000000000000000000000000000000000000000000000000000000000000000000000000000000000000000000000000000000000000000000000000000000000000000000000000000000000000000000000000000000000000000000000000000000000000000000000000000000000000000000000000000000000000000000000000000000000000000000000000000000000000000000000000000000000000000000000000000000000000000000000000000000000000000000000000000000000000000000000000000000000000000000000000000000000000000000000000 +
#7640
1"
0!
0E
#7645
1!
1E
#7648
0"
#7650
0!
0E
#7655
1!
1E
#7656
1"
#7660
0!
0E
#7664
0"
#7665
1!
1E
#7670
0!
0E
#7672
1"
#7675
1!
1E
#7680
0"
0!
0E
#7685
1!
1E
#7688
1"
#7690
0!
0E
#7695
1!
1E
#7696
0"
#7700
0!
0E
#7704
1"
#7705
1!
1E
b11100000000000000100000000000000111000000000000001000000000000011110000000000000010000000000001011100000000000000100000000000011111000000000000001000000000001001110000000000000010000000000010111100000000000000100000000000110111000000000000001000000000001111110000000000000010000000000100011100000000000000100000000001001111000000000000001000000000010101110000000000000010000000000101111100000000000000100000000001100111000000000000001000000000011011110000000000000010000000000111011100000000000000100000000001111 ?
b00000000000000000000000000010110 7
b00000000000000000000000000010111 7
b00000000000000000000000000010000 B
#7710
0!
0E
#7712
0"
#7715
1!
1E
#7720
1"
0!
0E
#7725
1!
1E
#7728
0"
#7730
0!
0E
#7735
1!
1E
#7736
1"
#7740
0!
0E
#7744
0"
#7745
1!
1E
#7750
0!
0E
#7752
1"
